family,pdb,chain,seq,title,new_id,type
5,1G59,B,GGCCCCAUCGUCUAGCGGUUAGGACGCGGCCCUCUCAAGGCCGAAACGGGGGUUCGAUUCCCCCUGGGGUCACCA,GLUTAMYL-TRNA SYNTHETASE COMPLEXED WITH TRNA(GLU).,1g59_B,test
5,1J1U,B,CCGGCGGUAGUUCAGCCUGGUAGAACGGCGGACUGUAGAUCCGCAUGUCGCUGGUUCAAAUCCGGCCCGCCGGA,Crystal structure of archaeal tyrosyl-tRNA synthetase complexed with tRNA(Tyr) and L-tyrosine,1j1u_B,test
374,1S9S,A,GGCGGUACUAGUUGAGAAACUAGCUCUGUAUCUGGCGGACCCGUGGUGGAACUGUGAAGUUCGGAACACCCGGCCGCAACCCUGGGAGAGGUCCCAGGGUU,SOLUTION STRUCTURE OF MLV PSI SITE,1s9s_A,test
26,2LKR,A,GGCAAUACAGAGAUGAUCAGCAGUUCCCCUGCAUAAGGAUGAACCGUUUUACAAAGAGAUUUCUUCGGGAAUCUCUUUGCCUUUUGGCUUAGAUCAAGUGUAGUAUCUGUC,Yeast U2/U6 complex,2lkr_A,test
114,2VAZ,A,ACGUCGCGUAAAUUGUUUAACACUUUGCGUAACGUACACUGGGAUCGCUGAAUUAGAGAUCGGCGUCUAAGGAGGUCUCUAA,Model of the S15-mRNA complex fitted into the cryo-EM map of the 70S entrapment complex.,2vaz_A,test
5,3AKZ,F,UGGGAGGUCGUCUAACGGUAGGACGGCGGACUCUGGAUCCGCUGGUGGAGGUUCGAGUCCUCCCCUCCCAGCCA,Crystal structure of Thermotoga maritima nondiscriminating glutamyl-tRNA synthetase in complex with tRNAGln and a glutamyl-AMP analog,3akz_F,test
2001,3BWP,A,GUGCCCGGCAUGGGUGCAGUCUAUAGGGUGAGAGUCCCGAACUGUGAAGGCAGAAGUAACAGUUAGCCUAACGCAAGGGUGUCCGUGGCGACAUGGAAUCUGAAGGAAGCGGACGGCAAACCUUCGGUCUGAGGAACACGAACUUCAUAGGCUAAUGGAUGAGUUUGCAUAACAAAACAAAGUCCUUUCUGCCAGUUGGUGAAGCAGAUUGAUGAAGGGAAAGACUGCAUUCUUACCCGGGGAGGUCUGGAAACAGAAGUCAGCAGAAGUCAUAGUACCCAGGGGAAGGACGGAACAAGUAUGGCGUUCGCGCCUAAGCUUGAACCGCCGUAUACCGAACGGUACGUACGGUGGUG,Crystal structure of a self-spliced group II intron,3bwp_A,test
3,3CW1,V,AUACUUACCUGGCAGGGGAGAUACCAUGAUCACGAAGGUGGUUUUCCCAGGGGAGACGUCCCCUGCGAUUUCCCCAAAUGUGGGAAACUCGACUGCAUAAUUUGUGGUAGUGGGGGACUGCGUUCGCGCUUUCCCCUG,Crystal Structure of Human Spliceosomal U1 snRNP,3cw1_V,test
2,3J79,C,AGCACAGUCUUAACGAUGGAUGUCUUGGUUCCUACAGCGAUGAAGGCCGCAGCAAAAUGCGAUACGCAAUGAAAAUUGCAGUGACUGAAUCAUCAGAAUGCUGAAUGUAAACUACACCAAUUCCCUGGGAAUAGUGGUACUCCUACAGAAA,"Cryo-EM structure of the Plasmodium falciparum 80S ribosome bound to the anti-protozoan drug emetine, large subunit",3j79_C,test
20,3JB9,C,CGUCAAAGCACUUUGCAAAAGCUAACGUAUCUGUUUCUUGCCUUUUACCAGAAACAGCCGUUUGUAAGGUGUGCUAAUUUGACUGUAUAGUUUUUGUAAUCUUUU,Cryo-EM structure of the yeast spliceosome at 3.6 angstrom resolution,3jb9_C,test
15,3JCR,M,AGCUUUGCGCAGUGGCUCGUAGCCAAUGAGGUUUAUCCGAGGCGCGAUUGCUAAUCCGUGACGACUAGUCGGCAUUGGCAAUUUUUGACAGUCUCGAGACUGG,3D structure determination of the human*U4/U6.U5* tri-snRNP complex,3jcr_M,test
162,3V7E,C,GGCUUAUCAAGAGAGGUGGAGGGACUGGCCCGAUGAAACCCGGCAACCACUAGUCUAGCGUCAGCUUCGGCUGACGCUAGGCUAGUGGUGCCAAUUCCUGCAGCGGAAACGUUGAAAGAUGAGCCA,Crystal structure of YbxF bound to the SAM-I riboswitch aptamer,3v7e_C,test
0,4BY9,A,GCGAGCAAUGAUGAGUGAUGGGCGAACUGAGCUCGAAAGAGCAAUGAUGAGUGAUGGGCGAACUGAGCUCGC,The structure of the Box CD enzyme reveals regulation of rRNA methylation,4by9_A,test
1,4V6W,A7,GCCAACGACCAUACCACGCUGAAUACAUCGGUUCUCGUCCGAUCACCGAAAUUAAGCAGCGUCGCGGGCGGUUAGUACUUAGAUGGGGGACCGCUUGGGAACACCGCGUGUUGUUGGCCU,Structure of the D. melanogaster 80S ribosome,4v6w_A7,test
2,4V8M,BC,AACGUGUCGCGAUGGAUGACUUGGCUUCCUAUUUCGUUGAAGAACGCAGCAAAGUGCGAUAAGUGGUAUCAAUUGCAGAAUCAUUUCAUUGCCCAAUCUUUGAACGCAAACGGCGCAUGGGAGAAGCUCUCUCGAGCCAUCCCCGUGCAUGCCACAUUUCUCAGUGUCG,High-resolution cryo-electron microscopy structure of the Trypanosoma brucei ribosome,4v8m_BC,test
2,4V8P,B2,AGAAAAUUUUCAACGGUGGAUAUCUAGGUUCCCGUGACGAUGAAGAACGCAGCGAAAUGCGAUACGCAAUGCGAAUUGCAGAACCGCGAGUCAUCAGAUCUUUGAACGCAAGUGGUGGAGGUGUAAAAACCUUCAUGUUUGUUUCAGUGUGGAA,T.thermophila 60S ribosomal subunit in complex with initiation factor 6.,4v8p_B2,test
2,5XXB,4,AAAUUUUCAGCAAUGGAUGUCUUGGCUCGCGCAACGAUGAAGGACGCAGCGAACUGCGAAACGCAAUGUGAAUUGCAGAAUUCAGUGAAUCAUCAGAUUUCUGAACGCAAAUGGCACCUUGGGGUAUUCUCCUUGGUACGUCUGUUUCAGUGUCUUU,Large subunit of Toxoplasma gondii ribosome,5xxb_4,test
488,5ZWN,P,AUACUUACCUUAAGAUAUCAGAGGAAAGUCCUACUGAUCAAACAUGCGCUUCCAAUAGUAGAAGGACGUUAAGCAUUUAUCAUUGAACUAGUUCAUUGAAGUCAUUGAUGCAAACUCCUUGGUCACACACACGGCGCGGAAGGCGUGUUUGCUGACGUUUCCAUUCCCUUGUUUCAAUCAUUGGUUAAUCCCUUUGGGUUAAACUGAUUUUUGGGGCCCUUUGUUUCUUCUGCCUGGAGAAGUUUGACACCAAAUUCAAAUUGGUGUUAGGGGAGCUGGGGCCUUUCAAAAGAGCUUUGUAGAGGCAUUCUUUUUGACUACUUUUCGCGUGCCAUUUUAGUUUUUGACGAUUCGAAUGAACUAGUUUAUGAUGAAGUUGAGAUUAUUUGGUCGAUUGUAGUUUGAAGAUGUAGUCUCAACUUUGCUCAAAUUUUGGAAGGUCUUGGUAGGAACGGGUGGAUCUUAUAAUUUUUGAUUUAU,Cryo-EM structure of the yeast pre-B complex at an average resolution of 3.3 angstrom (Part II: U1 snRNP region),5zwn_P,test
20,6AH0,B,ACUCUGGUUUCUCUUCAGAUCGCAUAAAUCUUUCGCCUUUUACUAAAGAUUUCCGUGGAGAGGAACAACUCUGAGUCUUAACCCAAUUUUUUGAGGCCUUGCUUUGGCAAGGCUA,The Cryo-EM Structure of the Precusor of Human Pre-catalytic Spliceosome (pre-B complex),6ah0_B,test
5,6I7O,m,UCCGAUAUAGCGUAACGGCUAUCACAUCACGCUUUCACCGUGGAGACCGGGGUUCGACUCCCCGUAUCGGAGCCA,The structure of a di-ribosome (disome) as a unit for RQC and NGD quality control pathways recognition.,6i7o_m,test
1960,6LQV,SA,AAGAUAGUUAUCUGGUUGAUCCUGCCAGUAGUCAUAUGCUUGUCUCAGCCAUGCAUGUCUAAGUAUAAGCAAUUUAUACAGUGAAACUGCGAAGGCUCAUUAAAUCAGUUAUCGUUUAUUUGAUAGUUCCAUGGUAUAACUGUGGUAAUUCUAGAGCUAAUACAUGCUAAUCUCGACCCUUUGGAAGAGAUGUAUUUAUUAGAUCAAUGUCUUCGGACUCUUUGAUGAAAUAACUUUUCGAAUCGCAUGGCCUUGUGCUGGCGAUGGUUCAUUCAAAUUUCUGCCCUAUCAACUUUCGAUGGUAGGAUAGUGGCCUACCAUGGUUUCAACGGGUAACGGGGAAUAAGGGUUCGAUUCCGGAGAGGGAGCCUGAGAAACGGCUACCACAUCCAAGGAAGGCAGCAGGCCAAAUUACCCAAUCCUAAUUCAGGGAGGUAGUGACAAUAAAUAACGAUACAGGGCCCAUUCGGGUCUUGUAAUUGGAAUGAGUACAAUGUAAAUACCUUAACGAGGAACAAUUGGAGGGCAAGUCUGGUGCCAGCAGCCGCGGUAAUUCCAGCUCCAAUAGCGUAUAUUAAAGUUGUUGCAGCUGGGGGGAGUAUGGUCGCAAGGCUGAAACUUAAAGGAAUUGACGGAAGGGCACCACCAGGAGUGGAGCCUGCGGCUCAACACGGGGAAACUCACCAGGUCCAGACACAAUAAGGAUUGACAUUCUUGAUUUUGUGGGUGGUGGUGCAUUGAUGCCCUUGUUCUGGGCCACGCGCGCUACACUGACGGAGCCAGCGAGUCUAGUGAAACUCCGUCGUGCUGGCAACGAGGAAUUCCUAGUAAGCGCAAGUCAUCAGCUUGCGUUGAUUACGUCCCUGCCCUUUGUACACACCGCCCGUCGCUAGUACCGAUUGAAUGGCUUAGUGAGGCGACAAACUUGGUCAUUUAGAGGAACUAAAAGU,Cryo-EM structure of 90S small subunit preribosomes in transition states (State C1),6lqv_SA,test
177,6WUA,a,CACAAGCGGUGGAGCAUGUGGUUUAAUUCGAAGCAACGCGAAGAACCUUACCAGGUCUUGACAUCCUUUGACCACUCUAGAGAUAGAGCUUUCCCUUCGGGGACAAAGUGACAGGUGGUGCAUGGUUGUCGCAACCCUUAUUGUUAGUUGCCAUCAUUUAGUUGGGCACUCUAGCGAGACUGCCGGUGACAAACCGGAGGAAGGUGGGGAUGACGUCAAAUCAUCAUGCCCCUUAUGACCUGGGCUACACACGUGCUACAAUGGGAAGUACAACGAGUCGCUAGACCGCGAGGUCAUGCAAAUCUCUUAAAGCUUCUCUCAGUUCGGAUUGCAGGCUGCAACUCGCCUGCAUGAAGCCGGAAUCGCUAGUAAUCGCGGAUCAGCACGCCGCGGUGAAUACGU,30S subunit (head) of 70S Ribosome Enterococcus faecalis MultiBody refinement,6wua_a,test
0,6ZJ3,LN,GUCCGAUCCGUUGAGCUCCAAGGCCGGGCUUCUGCAGGGAGUGGCGCUGCCCCUGCUGGGGCCGACGACAGAGUGGGUG,Cryo-EM structure of the highly atypical cytoplasmic ribosome of Euglena gracilis,6zj3_LN,test
1,6ZJ3,LO,GCGUACGGCCAUACUACCGGGAAUACACCUGAACCCGUUCGAUUUCAGAAGUUAAGCCUGGUCAGGCCCAGUUAGUACUGAGGUGGGCGACCACUUGGGAACACUGGGUGCUGUACGCUU,Cryo-EM structure of the highly atypical cytoplasmic ribosome of Euglena gracilis,6zj3_LO,test
30,7DA7,C,UGAAGGCCUGUUUCCUAGGCUACAUACGAGGGACAUGUUCCUUAGCAGUGCGACCUGGCUCGCACCAACCACACGGGGCUCAUUCUCAGC,Mouse Toll-like receptor 3 ectodomain in complex with lncRNA Rmrp in elongated form,7da7_C,test
1,7JIL,3,UAAGGUGGUUAUUGCGGCGGGGCUCACCUCUUCCCAUCCCGAACAGAGAAGUUAAGCCCGCUUGCGCAGAUGGUACUGCAGUUUUGUGGGAGAGUAUGUCGUCGCCUUUC,70S ribosome Flavobacterium johnsoniae,7jil_3,test
0,7L48,E,CCGCUUCACCAAAAGCUGUCCCUUAGGGGAUAGAACUUGAGUGAAGGUGGGCUGCUUGCAUCAGCCUAAUGUCGAGAAGUGCUUUCUUCGGAAAGUAACCCUCGAAACAAAUUCAUUUAGACGAAUGAAGGAAUGCAACAGUUG,Cryo-EM structure of a CRISPR-Cas12f Binary Complex,7l48_E,test
957,7MQ8,L0,GAUCGAUGUGGUGACGUCGUGCUCUCCCGGGCCGGGUCCGCGGACCCCGGCCCGACCUCGCGCGGGGUCCUCUGACGCGGCAGACAGCCCUCGCUGUCGCCGACUUGCGGGCGGCCCCCCUCCGCGGCGGUGGGGGUGCCGUCCCGCCGGCCCGUGCGUCGGCUCCGGGCCCUUGCGGUGCUCCUGGAGCGCUCCGGGUUGCAGGUGCCCGAGGCCGAUGAGAAAAGCCUUCUCUAGCGAUC,"Cryo-EM structure of the human SSU processome, state pre-A1",7mq8_L0,test
2,7OYA,81,AACUCUUAGCGGUGGAUCACUCGGCUCGUGCGUCGAUGAAGAACGCAGCUAGCUGCGAGAACUAAUGUGAAUUGCAGGACACACAUUGAUCAUCGACCUUUCGAACGCACAUUGCGGCCCCGGGUCCAUCCCGGGGCCACGCCUGUCUGAGGGUCGCC,Cryo-EM structure of the 1 hpf zebrafish embryo 80S ribosome,7oya_81,test
1,7PWG,3,AGUUCGGCCAUCCUACGGCGGAAACUCCUUAACUCGUUCCGAAUUAAGAAGAGAAGCGCCGUCAGGCCCCGCCAGUACUGCGAUCGGAGACGUCGUGGGAACACGGGGUGCCGAACC,Cryo-EM structure of large subunit of Giardia lamblia ribosome at 2.7 A resolution,7pwg_3,test
0,7VYX,C,GGAAACUCCCGACUUCCUCAGGAUGAAGUUUCUUUAUCCAUACCUUGGUGCCGGGACGCCGCGGCGCCUUCCAGGAAGGGUUUAUAAGGCAACAUCGAACAUA,Crystal structure of the selenomethionine(SeMet)-derived Cas12c1 (D969A) ternary complex,7vyx_C,test
0,8A22,A2,AAUAAAUAAGUUUAAUACCUUUUGCAGCAUGGACCAGCGAUUAAAUGCCGGUAAUUAGCAAAGUUAAACUAACGAAAAAUA,Structure of the mitochondrial ribosome from Polytomella magna,8a22_A2,test
0,8A22,A4,UAAGUCAGACGCAAAGCUACAAGGUUUCGCGUCAAAAGGAAAAAAGUCCGCCAGCGAGGCUAAGGUACAUAAA,Structure of the mitochondrial ribosome from Polytomella magna,8a22_A4,test
2033,8DMB,W,CUUAUUAAAUGACUUCUCGUCAACCACCCCUGACGUUGGGGGCCCGGUUUGGCGGGGCCGGGGGCAACUGGCUGACCAGGCGGCCCGGCCGGGCAGGGGUCCGCGGGGCUACCAAGGACUUCCGGGUGUUUCGCCAGCCCGGACUAUCUCCGGCAGAACCGCUCAAUGCCGCGGCCGCGGCCUAAGCCCUGCGGACAGCGCCGAGGCGACAAUCACUCCGGGAGGCCGUGUAUCGGC,Structure of Desulfovirgula thermocuniculi IsrB (DtIsrB) in complex with omega RNA and target DNA,8dmb_W,test
0,8HUD,B,GGUAAUCGCUCUCCUCCGGCGAUUUUAGUACCUGAGAAAUCAGAUCUACUAAAACAAGGCUUUAUGCCGAAA,Cryo-EM structure of the EvCas9-sgRNA-target DNA ternary complex,8hud_B,test
2,8I9P,C2,AAACUUUCAACAACGGAUCUCUUGGUUCUGGCAUCGAUGAAGAACGCAGCGAAAUGCGAUAAGUAAUGUGAAUUGCAGAAUUCCGUGAAUCAUCGAAUCUUUGAACGCACAUUGCGCCCGCCGGUAUUCCGGCGGGCAUGCCUGUUCGAGCGUCAUUUCAACCAUCAAGCCCUGGGCUUGUGUUGGGGACCCGCGGCUGCUCGCGGGCCCUGAAAAGCAGUGGCGGGCUCGCUGGCGGGUGCCAGCCGUAAAACCC,Cryo-EM structure of a Chaetomium thermophilum pre-60S ribosomal subunit - State Mak16,8i9p_C2,test
2001,8T2S,B,GAGCUCAUUUCUUUGUUUGCGCGCCAUGGGCGCGCUCUAACGGGUGUAAGUCCCGAACAUGCCCAGGUAGUGGGAAAUGUAUAGCCGAACAGCAAGGGUGUCUACUGUGAGGUGGAAUCUGAAGGAAGCUGUAAGCGAAUCUCUGGUCCGACGGACAGAAAUCGCAUAUAAGGCUAGGCUUCUGAUAAGCUGGCAAAGAACAGUGAAGUCUAAUAACUAAGCAGAGUAAAUGCGGCGGAUAUAUGGAGAGAAAGAGCGUGCACCUUAAGCGUGGAGGUCUCACAGAGGUUAGCCUAGUAACAACGAACUGUGAGAAGUCAGCCGAGCCCAUAGUAGUGAAGAAGUCUCUGUAAUGGGGAUGGAGCGAAGGGGCGAACAAUCAAUAAUGUCUCGUAUUGCAGAAAUGACAACAUCUGCCGUAACCAAUCGGGUAAAAGGUGGUCAAAUCAAGCGAGACGGAAAGGAAUUGAUUGAACCGCCGUAUACGGAACCGUACGUACGGUGGUGUGAGAGGUCGGAAUUUCUCAAUUAAGAGAAAUUCUUCCUACUCG,Structure of a group II intron ribonucleoprotein in the pre-branching (pre-1F) state,8t2s_B,test
