family,annotation,seq,label
1,8RD8_11,GCUGACGACCAUAGCACGAUGGCACCACCUGAUCCCUUCCCGAACUCAGAAGUGAAACAUCGUCGCGCCAAUGGUAGUGUGGUUUCGACCAUGUGAGAGUAGGUCAUCGUCAGCU,1
1,8UU4_23,UCUGGUAGUUAUGGCGAGAAGGUCACACCCGUUCCCAUCCCGAACACGGUAGUUAAGCUUCUCUGCGCCAAUGGUAGUUGGGGGCUUCCCCCUGCGAGAGUAGGUCGCUGCCGGGC,1
1,sample,ACAUACGGCCACAGUCAGCUGAAAACUGGGCAUCCCGUCCGCUCUGCCAUACAUAAGCAGUUGAACGGCAGAUUAGUACUACGGUGGGUGACCACGUGGGAACCCCUGCUGCUAUAUGUU,0
1,sample,GUAAGCUGCCUGGAUGCCCUAAGCACAUCCGAUCUCACCUGAUUUCGGAAGCUAAGCAGUGUCGGCCCUGGUUAGUACUUGGAUGGGAGACCACCAGGGAAUACCAGGUGCUGUAGGCG,0
1,sample,GCUUACGGCCAUACCAGCCUCAACACGCCCGAUCUCGUCUGAUCUCGGAAGCUAAGCAGGCUCGGGCCUGGUCAGUACUUGGAUGGGAGACUGCCUGGGAAUACCAGGUGCUGUAAGCU,0
1,sample,GCCUACGGCCACACCACCCUGAAAGCGCCCGAUCUCGUCUGAUCUCGGAAGCGAUCCAGGGCCGGGCCUGGUUAGUACCUGGAUGGGAGACCGCCUGGGAAUACCGGGUGUCGUAGGCU,0
1,sample,GCUUACAGCCACAUUCCGUAGAAACACCGGUUCACUACAAUUACCGAAGUUAAGCAACAUCAAGCCUGGUCAGUACCUAGAUUGGUGACCGCUUGGGAAUACCAGGUUCUGUAAGCU,0
1,sample,GUCUACAGCAAUGCUACUCUGAACGUGCCCGAUCUCAUCUGAUCUUGGAAGUUAAGCAGGGUUGGGAUUUGUUAGAACUUGGAUGGGAGACCACCUAGGAAUACCAGGUGCUGUAGGCA,0
1,sample,GCUUACGGCCAUACCACCCUGAGCACGCCCGCUCUCGUCUGAUCUCGGAAGCCAAGCAGGGUCGGGCCUGGUCAGUACUUGGAUGGGAGACCACCUGGGAAUACCAGGUGCUGUAAGCU,0
1,sample,GUUUAUGGCCAGUUCACUCUGAACAAGCUCAAUGUCUGAUCUCAGAAGCUAAGCAGGGUCAGGCCUGGUUAGUCCUUGGAUGGGAGACCACCUAAGAAGACCAGGUGCUGUAGGCA,0
1,sample,GCCACGGCCAUAACCACACCGAAAAAACCCGAUCUCGUCUGACCUCGGAAGCAAAGCCAAGUUGGGCCUAGUUAGUACUUGGAUGGGAGACUGAAUGGAAUACUAGGUGCUGUAAGCU,0
1,sample,ACAUACGACCACAGGGUGUGGAGAACAGGGCUUCCCGUCCGCUCAGCCGUACUUAAGCCACACGCCGGGAGGUUAGUAGUUGGGUGGGUGACCACCAGCGAAUCCCUUCUGUUGUAUGUU,0
1,sample,GGAUGCGAUCAUACCAACUCACAUGCACCAGAUCCCAUCAGAACUCCGCAGUUAAGUGAGUUUGGGCAAUAGUAGUACUAGGAUGGGUGACCUUCUGGGAAGUCCUCGUGUCGCAUCCC,0
1,sample,GUUUUUUUUUUCUUUUAAAGUGACCAAGCACCCAUCUGAUCUCAGAAACUAAGCAGGGUCGGGCCUGAUUAGUACUUGGAUGGGAGACCACCUAGGAAGAUCAGGUGCUGUAGACA,0
1,sample,GGCAACGGCCCAGCUACGUCGAAACACCGGUUCCCAUUAGAACACCGAAGUUAAGCGACGUAAGGCGAUGCUAGUGGAUGGACGGGUGACCGGUUCGAAACUUUGCAUCGUGCUGUUGUCC,0
1,sample,GUCUACAGCCAUGCCACCCUGAACAAGCCCGAUCCUAUCUGAUCUCGAAAGCUAAGCAGGGGCAGGCCUGGUUAGUACUUGGAUGGGAGACCACCUAGGAAGACCAGGUGAUGUAGGCA,0
1,sample,GCUUACGGUCAAAUCACGCUGAAACACUGGUUCUCGUUAAGUUAAGCAUCGUAGAGCCAGGUCAGUACUUAGAUGGGGGACCGCUUGGGAACACCUGGUACUGUAAGCC,0
1,sample,GCUUACUGCCACAUCACGUUGAAAUAUUAGUCCCCUUACGAUCAGCGAAGUUAAGCAACGUCGGGGCGGAUUAGUACUAAGGUGGGUGAACGUUUAGGAAUAUCAGGUGCCAUAAGCU,0
1,sample,GCUGACGGCCAUAUCGCUCUAAAACACUGAUUGUUGUACGAUUAGUGAAGUUAAGAAACACUGAACCUGGUCAGUACCUCGAUGGGUGACCGCUUCGGAAUACCAAGCGUUGUAAAUA,0
1,sample,CCAUGUGGCCGUACCGCCUUUGCUAUGCCCGAUCCCGUCAGACCUCGGAAGCUAAGCAGGGAAGGGCCUGGCAGGACUUGGAUGGGAGACCGUUUGGGAACACCAGGAAGCCUGGGGC,0
1,sample,GUCUACGGCCAUACCACCCUGAAUGUGCCCAAUCUCGUCUGAUCUCGGAAGCUAAGCAGGGUCGGGCCUGGUUAGUACUUGGAAGGGAGAUUGUAUGUGUACAUACAAUUGUUUUCU,0
1,sample,ACAUACGACCACAGGCAAAGUGGAUUUCCGGCUCCCGUUCGAUCGCCACACGAGAAAACUUUGACCGGCGGGUGAGUAGGCAGGCGGGUGACCACUGGCGAAUACCCGCUGUUUUAUGUU,0
1,sample,GGUCAGUGUCAUACCACCCUGAACACCACCAAUCUCCUGAUUUUGGAAGCUAAGUAAGGUCAGGCCAGGUUAGGACUUGGAUACAAGAUUCCCUGAGAAUGCCAGGUGCUGUACUCU,0
1,sample,AGUUGUGAUCAUACCAGCACCCAUGCACUAGAUCCCAUUAGAACUCUGCAGUUAAGCGAGCUUGGGCAUGAGUAGUACUAGGAUGGGCGACCACCUGAGAAUUCCUCGUGUUGCACCUC,0
1,sample,GCUUACGGCCAUACCAACCUGGCUAUGCCUGAUCUCGUCUGAUCUCAGAAGCUAAGCAGGUUUGGGCCUGGUUAGUACUUGGAUGGGAGACCACCUGGGAAUACCAGGUGCUGUAAGCU,0
1,sample,GCCAGCAGCCAUAUCAACCUGCAACUCACAACUGGCAACCCACUGAAGCUAAGCAGGUGUGAGCCUGGUCAGUACCUGGAUUGGAGACCUCCUGGGAAAAACUAAGGUUGCUGCUGUAA,0
1,sample,GGGUGCGAUCAUACCUGCACUAAUGCACCGGAUCACAUCAGAACUCCGCAGUUAAGCGUGCUUGGCCGAGAGUAGUACUGGGAUGGGUGACCUCCUGGGAAGUCCUCGUGUUGCACCCC,0
1,sample,GUUAACGUCCAAAUCACGUUGAAAGUACCAGUUCUCGUCCGAUCAUUGAAGUCAAGCAACGUUGAGCACGGUUAGUACUUGGAUGGGUGACCGCUUGGGAACACCGUGUGAUGUUGUCU,0
1,sample,GCUUACGGCCACACCUCCCUGAGCACGCCCGAUCUCGUCUGAUCUCGGAAGCUAAGCAGGGUCGGGCCCGGUUAGUACUUGGAUGGGAGACCGCCUGGGAAUACCAGGUGCUGUAAGCC,0
1,sample,AUCUACAGCCAUGCUACCCUGAACAAGCCUGAUCUUGGAAGCCAAGCAGAGUCAGGCCUGGUUAGUGCUUAGACGGGAGACCACCUAGGAAGACCAGGUGCUGUAGGUG,0
1,sample,GGAUGCGAUCAUACCAGCACUAAUGCAUCGGAUCCCAUCAAAACUUCGAAGUUAAACGUGUUUGGGCGAGAAUAGUACUAAGAUGGGCGUGACCUCCUGGAAAAUCAUCGUGUUACAUCCC,0
1,sample,GCCUAGAUGCCCUAAGCACAUCCGAUCUUGCCUGAUUUUGGAAGCUAAGCAGGGUCGGCCCUGGCUAGUACUUGGAUGGGCGACCACCAGGGAAUACCAGGUGUUGUAGGCA,0
1,sample,GCCAGCAGCCAUAUCACCCUGCAACUCACAACUGGCAACCCACUGAAGCUAAGCAGGUGUGAGCCUGGUCAGUACCUGGAUGGGAGACCUCUUGGGGAAAAACUAAGGUUGCUGCUGGAA,0
1,sample,GUCUAUGGCCAUGCCACCCUGAACAAGCCCGAUCCCGUCUGACCUUGGAAGCUAAGCAGGGUCAGGCCUGGUUAGUACUUGGAUGGGAGACCGCCUAGGAAGACUAGGUGUUGUAGGCA,0
1,sample,GCUUACGGCCACACCCCUGAGCACGCCGCUCUCGUCUGAUCUCGGAAGCCAAGCAGGGUCGGGCCUGGUCAGUACUUGGAUGGGAGACCACCUGGGAAUACCAGGUGCUGUAAGCU,0
1,sample,GCAUAAGAUUAGAUGCCAUCCUGGGCACCUCUGAUCUCGUCUGAUUUUGGAAGCUAAGCAGGGUCAGCCCUGGUUAGUACUUGGAUGGGAGACCACCAGGGAAUACCAGGUGCUGUAGGCA,0
1,sample,GCUUACGGCCAUACCACCCUGAAUACGCCCGGAUCUCGCUUGAUCUCGAAGCUAAGCAAGGUAGGCGGUCAGUACUUGGAUGGGAGACUGCCUGAAUACCCGGUGCUGUAAGUU,0
1,sample,GCCUACGGCCAUACCACCAUGAACACACCUGAUCUUGGAAGCUAAGCAGGGUCAGGCCAGAUUAGUACCUGGAUGGGAGACCGCCUGGAAAUACCGGGUGCGGUAGGCU,0
1,sample,GGGUGCGAUCAUUCCAGCACUAAUGCACCGGAUCCCAUCAGAACUCCGCAGUUAAGCGUGCUUGGGCGAGAGUAGUACUAGGAUGGGUGACCUCCUGGGAAGUCCUCGUGUUGCACCCC,0
1,sample,GUUUGCGAUCAUACCAGCACUAAUGCACCGGAUCGCAUCAGAACUCCGCAGUUAAGCGUGCUUGGGCGAGAGUAGUACUAGGAUGGGUGACCUCCUGGGAAGUCCUUGUGUUGCACCCC,0
1,sample,AGGUGCGAUCAUACCAGCACUAAUGCACCGGAUCCCAUCAGAACUCCGCAGUUAAGCGUGCUUGGGCGAGAGUAGUACUAGGAUGGGUGACCUCCUGGGAAGUCCUUGUGUUGCACCUC,0
1,sample,GCCUACGGCCAUACCACCCUGAGAACGCCCGAUCUCGUCUGAUCUCGGAAGCUAAGCAGGGUCGGGCCCGGUUAGUACUUGGAUGGGAGACCGCCUGGGAAUACCGGGUGCUGUAGGCU,0
1,sample,GACCUUUUGGGAGCUCACUGGCUUCGGGUUCCAUUGGAACUCCGAAGUUAAGCGAGUUCACGCGAGAGCAAUCCCAUGAUGGGUGACCCACCGGGAAGUUCUCGUGUGAGUUCC,0
1,sample,GGAUGCGAUCAUACCAGCACUAAAGCACCGGAUCCCACCAGAACUCCGAAGUUGAGCGUGCUUGGGCGAGAGUAGUACUAGGAUGGGUGACCUCCUGGGAAGUCCUCGUGUUGCAUUCC,0
1,sample,GCUUACGGCCAUACCAACCUGGCUAUGCCCGAUCUCGUCUGCUCUCGGAAGCUAAGCAGGUUUGGGCCUGGUUAGUACUUGGAUGGGAGACCGCCUGGGAAUACCAGGUGCUGUAAGCU,0
1,sample,GGGUGCGAUCAUACCAGCACUAAUGCACCGGAUCCCAUCAGAACUCCGAAGUUAAGCGUGCUUGGGCGAGAGUAGUACUAGAAUGGGUGACCCCCUGGGAAGUUCUCGUGUUGCACCCC,0
1,sample,ACCCACAGCUUUCUAAUGCCCUAAGCACAUCUGUUCUCGCCUGAUUUCGGAAGCUAAGCAGGGUCGGCCCUGGUUAGUACUUGAAUGGGCGCCCACCAGGGAAUACCAGGUGCGGUAGGCG,0
1,sample,CCUUACGGCCACACCAGUGUGAAUGCGCCUGGUUUCGGAAGCUAAACACACUUGGGCUCGAUCAGUACUUGGAUGGGAGACCACCUGGGAACACGGAAUGUUGUAAGAU,0
1,sample,GGGUGCGAUCAUACCAGCGUUUGUGCACCGGAUCCCAUCAGAACUCCGCAGUUAAGCGCGCUUGGGCCAGAGUAGUACUGGGAUGGGUGACCUCCCGGGAAGUCCCGGUGUCGCACCCU,0
1,sample,GUCUAUGGCCAUGCCACCCUGAACGUGCUCGAUCUCGUCUGAUCUCAGAAGCUAAGCAGGGUCGGGCCUGGAUAGUACUUGGAUGAGAGACCGCCUAGGAAUACUAGGCGCUGUCGUCA,0
1,sample,GGGUGCGAUCAUACCAGCACUAAUGCACCGGAUCCCAUCAGAACUCCGCAGUUAAGCGUGCUUGGGCGAGAGUAGUACUAGGAUGGGUGACCUCCUGGGAAGUCCUCGUGUUGCACCCA,0
1,sample,GGGUGCGAUCAUACCAGCACUAAUGCAUCGGAUCCCAUUAGAACUCCGCAGUUAAGCGUGCUUGGGCGAGAGUAGUACUAGGAUGGGUGACCUCCUGGGAAGUCCUCGUGUUGCACCCC,0
1,sample,GUUUACGGCAAUGUCACUUUGAAACAACAGUUCUCGUGACAUCACCGAAGUUAACCAAUGUCGUGUCUUGUCAGUACCUAGAUGGGUAACCGCUUGGUAAUGCAAGGAGCUGUAAACU,0
1,sample,GUCUAUGGCCAUACCAUCCUGAACGUGCCCAGUCUUGUCUGAUCUCGGAAGCUAAGCAGGGUUGGGCCUAGUUAGUACUUAGAUGGGAGAAAAAGAUUGAAAGUGUAAAAG,0
1,sample,GCUUAUGGUCCUAUCACAUUGCAACACCGGUCCUCGUACAAUCAGCGAAGUUAAGCAACGUUGAGUCUGGUCUGUACCUAGGAGGGUGACCGCUUGGGAAUACCAAGGACUGUACGCU,0
1,sample,ACCAACGGUCCAGCUACGUCGAAACAACGGUUCCAAUUAGAACACCGAAGUUAAGCGACGUAAGGCGAUACUAGUGGACGGGUGACCAGUUCGAAACUCUGUAUCGUGUC,0
1,sample,GCUUACAGACAUGCCAGCUGAAGAUUGCCCAAUCUUGUCUGAUCUCAGAAGCUAAGAAGGCCUGGGCCUGGUAGUACUUGGAUGGGAGACUACGUAGGAAUGCCAGGUGCAGUAAGCU,0
1,sample,UACCAUAGCCAUAUCACUCUGCAACCCAAGACCGUUUACUCACUGAAGCUGAGCAGGGCUGACCCUGGUCAGUACCUGGAUGCGAGACCACUUGCGAAAACUAGGUUUCUGUUGGAA,0
1,sample,UCUUACGGCCAUAUCACGUUGAAAUACCGGUUUCCAUACGAUCACCGAAGUUAAGCAAUGUCGAGCUUGAUUAGUACCUAGAUGGGUGACUGCUUGGGAAUACCAGGUGCUGUAAAUU,0
1,sample,GGGUGCGAUCAUACCGGUACUAAUGCACCGGAUCCCAUCAGAGCUCCGCAGUUAAGCGUCCUUGGGCGAGAGUAGUACUAGAAUGGGUGACCUUCAGGGAAGUCCUCGUGUCGCACCCU,0
1,sample,GGGUGCGAUCAUACCAGUACUAAUGAUUCGGAUCCCAUCAGAACUGCGCAAUUAAGCGUGCUUGGGUGAGAUUAGUACUAGGAUGGGUGACCUCUUGGCAAGUCCUCGUGUUGCACCCC,0
1,sample,AAAAAAAAAAAGCUAUGCCCGAUCUCGUCUGAUCUUGGAAGUUAAGCAGGUUUGGGCCUGGUUAGUACUUGGAUGGGAGACUGCCUGGGAAUACCAGGUA,0
1,sample,ACAUACGACCAUAGCCGCAGGAAAAAUCAGGAUCCCGUCUGAUCUCCAUACGAUAAACCUGCGAGCGGCAGAUUAGUAGCUGGAUCGGUGACGACCAGCGAACACCGGCUGUCGUAUGUC,0
1,sample,GGAUGCGAUCAUACCAGCACUAAAGCACCGGAUCCCAUCAGAACUCCGAAGUUAAGCGUGCUUGGGCGAGAGUAGUACUAGGAUGGGUGACCUCCUGGGAAGUCCUCGUGUUGCAUUCC,0
1,sample,GCCUACAGCCAUACCAUUCUGAAGGUGUCUUAUCUCCUCUGAUCUAGGGAGGUAAGCAGGGUCGGCCUGGUAGUACUUGGAUGGGAGACCACCUGGGAAUACCAGGUGAUAAAAGCU,0
1,sample,GGGUGCGAUCAUACCAGCACUAAUGCACCGGAUCCCAUCAGAACUCCGCAGUUAAGCGUGUUUGGGCGAGAGUUGUACAAGGUGGGUGACCUCCUGGGAAGUCCUCGUGUUGCACGCC,0
1,sample,GCUCACGGCCAUACCACACUGAAAGAGCCCGAACUCGUCCGAUCUCGGAAGCCAAACAGUGUAGGGCCUGGUUAGUACUUGGAUGGGAGACCGCCUGGGAAUACUAGGUGCUGUAAGCA,0
1,sample,UAUAGCUGCCUAUAUGCCCUAAGCACAUCUGAUCUUGCCUGAUUUCGGAAGCUAAGCAGGGUCAGCCCUGGUUAGUACUUGGAUGGGAGACCACCAGGGAAUACGAGGUGCUAUAG,0
1,sample,GUUUACGGCCAUACCAGCCUGGGUACGCCCGAUCUCGUCUGAUCUCGGAAGCUAAGCAGGGUCGGGCCUGGUUAGUACUUGGAUGGGAGACCGCCUGGGAAUACCAGGUGCUGUAAGCU,0
1,sample,GUCUAUGGCCAUGUCACCCUGAACAAGCCGGAUCCUGUCCAAUCUCAGAAGCUAAGCAGGGUCGGGCCUGGUUAGUUCUUGGAUGGGAGACCACCUAGGAAGACUAAGUACUGUAGGUG,0
1,sample,AUCUAUGGCCAUGCCUCCCUGAACACGCCCGAUCCUGUCUGAUCUUGGAAGCUAAACAGGGUCGAGCCUGGUUAGUACUUGGAUGAGGGACCACCUAGGAAAACCGGCUGCUGUAGGUG,0
1,sample,GCUUACGGCCAUACCACCCUGAACACGCCGAUCUCGUCAGAUCUCGGAAGCUAAGCAGGGUCGGGCCUGGUUAGUACUUGGAUGGGAGACCGCCUGGGAAUACCAGGUGCUGUAAGCU,0
1,sample,ACAUACGACCAUACCCACUGGAGAACUCGGGAUCCCGUCCGCUCUCCCAUAGAUAAGCCAGUGAGGGCCGGAUUAGUAGUUGGGUCGGUGACGACCAGCGAAUACCUGGUGUUGUAUGUU,0
1,sample,UACCGCCUUUGCUCUGCCCGAUCCCGUCAGACCUUGGCAGCUAAGCAGGAAGGGCCUGGUCGGUACUUGGAUGGGAGACCGUUUGGGAACACCAGGAA,0
1,sample,ACAUACGAACACAGGAAGUGGAAAACAGAGCUUCCCGUCCGCUCAGCUGUACUUAAGCCACUUGCCGGUCGGUUAGUAGUUGGGUGGGUGACCACCAGCGAAUCCUGACUUUCGUAUGUA,0
1,sample,GAUUGCGAUCAUACUAGCACUAAUGCACCAGAUCCCAUCAGAACUCUACUGUUAAGCGUGCUUGGGCGAGAGUAGUACUAGGAUGGGUGACCUCCUGGGAAGUCCUCGUGUUGCACCCC,0
1,sample,ACAUACGGCCAUACCUACCAGAGAAUACGGGAUCCCGUCUGCUCUCCCAGAGUCAAGCUGGUAAGGGGCAGAUUAGUAGUUGGGUCGGUGACGACCAGCGAACACCGGCUGCUGUGUGUC,0
1,sample,GGGUGAGAUCAUAACAGAACUAAUGCACCGGAUCCCAUCAGAACUUCGCAGUUAGGCGUGCUUGGGCAAGAGUAGUACUAGGAUGCUUGACCCCCUGGGAAGUCCUCGUGUUGCACCUC,0
1,sample,GCUUACGGCCAUACCAGCCUGGGUACGCCCGAUCUCGUCUGAUCUCGGAAGCUAAGCAGGGUCGGGCCUGGUUAGUACUUGGAUGGGAGACCGCCUGGGAAUACCAGGUGCUGUAAGCA,0
1,sample,GUCUAUGGAUAUGCCACUGUGAAUGUGCCCAAUCCUGUCUGAUCUCAAAAGUUAAGCAGGAUCAGGUCUGGUUAGUACUUGGAUGGGAGACUACCUAGGAAUACCAGGUGCUGCAGGUG,0
1,sample,UUAGGUGGCUAUAGCGCAGGGGAUCCACCUCUUCCCAUACCGAACAGAGAAGUUAAGCCCUGCCGCGCCGAUGGUACUGCGUAAAAACGGGAGAGUAGGUCGCCGCCCAUC,0
1,sample,ACUAGCAGCCUUAUCACCCUGCAACUCACAACUGGCAACCCACUGAAGCUAAGCAGGUGUGAGCCUGGUCAGUACCUGGAUGGGAGACCUCCUGGGAAAAACUAAGGUUGCUGCUGGGA,0
1,sample,GGAUGCGAUCAUACCAGCACUAAAGCACCGGAUCCCAUCAGAACUCCGCAGUUAAGCGUGCUUGGGCAGGAGUAGUACUAGGAUGGGUGACCUCCUGGGAAGUCCCUGUGUUGCAUCCC,0
1,sample,GCCAGCAGCCAUAUCACCCUGCAACUCACCACUGGCAACCCACUGAAGCUCAGCAGGUGUGAGCCUGGUCAGUACCUGGUUGGGAGACCUCCUGGGAAAAAAACUGCUGCUGGAA,0
1,sample,GUCUAUGGCCAUGCUAUCCUGAACAAGCCUGAUCCCGUCUGAUCUCGGAAGCUAAGCAGGGUCAGACCUGGACAGUACUUGGAUGGAGAUCACCUAGGAAGACCAGGUGCUGUAGGCA,0
1,sample,GUGUACGGACAAACCAGCUGAAGAAUGCCAAAUCUUGUCUGAUCUCAGAAGCUAAGAAGGCUUGGGCCUGGUUAGUACUUGGAUGGGAGACAACCUGGCAAUACCAGGUGCUGUAAGCU,0
1,sample,UCUGGUGUCCUAGGCGUAGAGGAACAACACCAAUCCAUCCCGAACUUGGUGGUUAAACUCUACUGCGGUGACGAUACUGUAGGAGAGGUCCUGCGGCAAAAUAGCUCGACGCCAGGA,0
1,sample,GUGUACAGACAAACCAGCUGAAGAAUGCCCAAUCUUGUCUGAUCUCAGAAGCUAAGAAGGCUUGGGCCUGGUUAGUACUUGGAUGGGAGACUACCUGGGAAUACCAGGUGCUGUAAGCU,0
1,sample,GGAUGUUACAAGCACUAAUGCACCGAAUCCCAUCAGAACUCCGCAGUUAAGCGUGCUUGGGCGAGAGUAGUACUAGGAUGGGUGACCUCCUGGGAAGUCCUCGUGUUGCACCCC,0
1,sample,ACAUACGACCAUAGAUUGAGGAGAAUUGGGCAUCCCGUCCGCUCUGCCAUACACAAGCCUCAAAUCGGCAGUCUAGUAGUUGGGUGGGUGACCACCAGCGAAUCCCUGCUGUUGUAUGUU,0
1,sample,GCCAGCAGCCAUAUCACCCUGCAACUCACAAGUGGCAACCCACUGAAGCUAAGUAGGUGUGAGCCUGGUCAAUACCUGGAUGGGAGACCUCCUGGGGAAAACUAAGGUUGCUGCUGGAA,0
1,sample,GCCUAGAUUUCCUGAGCACAUCUGAUCUCACCUGAUCUGGGAAGCUAAGCAGGGUCGGGCCUGGCUAGUACUUGGAUGGGCGACCACCAGGGAAUACCAGGUGCUGUAGGCG,0
1,sample,GUCAACGGCCAUACCACGUUGAAAGCACCAGUUCUCGUCCGAUCACUGAAGUUAAGCAACGUCGGGCUCAGUUAGUACUUGGAUGGGUGACCGCCUGGGAACACCGAGUGCUGUAGACU,0
1,sample,GGAUGUGAUCGUACCAGCACUAAAGCACCGGAUCCCAUCAGAACUCCGAAGUUAAGCGUUCUUGGGCGAGAGUAGUACUAGGAUGGGUGACCUCCUGGGAAGUCCUCGUGUUGCAUCCC,0
1,sample,GUCUCCUGCCAUGCCGCCCUGAAUGUGCCUGAUCUGGGCUGAUCUCAGAAGCUGAGCAGGAUCAGGCCUGGUUAGUACUUGGAUGGCAGACCACCUAGGAAGACAGGUGCUGUAGGUG,0
1,sample,GGAUGCGAUCAUACCAGCACUAAAGCACCGGAUCCCAUCAGAACUCCGAAGUUAAGCGUGCUUGGGCGAGAGUAGUACUAGGAUGGGUGACCCCCUGGGAAGUCCUCGUGUUGCAUUCC,0
1,sample,ACCGGCAACUAUCACCCUGUAGCUCAAGACUGAGUGCCGACUGAAGCUAAGCAGGGUUGAGCCUGGUCAGUACCUGGAUGGGAGACCUCCUUGGAAAACUAGGUUGCUGCUGGAA,0
1,sample,GGGUGCGAUCAUACCAGCACUAAUGCACCGGAUCCCAUCAGAACUCCGCAGUUAAGCGUGCUUGGGCGAGAGUAGUACUAGGAUGGGUGACCCCCUGGGAAGUCCUCGUGUUGCACCCC,0
1,sample,GGGUGCGAUCAUACCAGCACUAAUGCACCAAAUCCCCUCAGAACUCCGCAGUUAAGCGUGCUUGGGAGAGAGUAGUACUAGGAUUGGUGACCUCCUGGGAAGUCCUCGUGUUGCACCCC,0
1,sample,GCUUACGGCCAUACCAGCCUGGCAAUGCCCGAUCUCGUCUGAUCUCGGAAGUUAAGCAGGUUUGGGCCUGGUUAGUACUUGGAUGGGAGACCGCCUGGGAAUACCAGGUACUGUAAGCU,0
1,sample,GCCAACGUCCAUACCACGUUGAAUACACCGGUUCUCGUCCGAUCACCGAAGUUAAGCAACAUCGGGCGCGGUUAGUACUUGGAUGGGUGACCGCCUGGGAAUACCGCGUGUCGUUGGCU,0
1,sample,GCUGAGAACCGCAUCACCCUGAAAGCGUCUGAUCUCAUUUGUUUAUCGGAGGAUAAGCAGGGUUGGGCCUGGUUAGUACCUGGAUGGUAGACCGCUGGGGAAUACCAGGUGCCGUAGGCU,0
1,sample,UACAGCCAUACCACCCUGAAUGCGCCCGAUCUCGUCUGAUCUCAGAAGCUAAGCAGGGUUGGUCCCGGUUAGUACUUGGAUGGGAGACUGAGGCUGAGAGAGUUUGAAGGGCUGCCC,0
1,sample,GCUUAGAACCAUAUCACGUCGAAACAUUGGUUCCCGUACGAUCACCGAAGUUAAGCAACGUGCUCGGUCAGUAACUAGAUUGGUAACCGUUUGGAAAUACCAGAUGCUUGAAUGU,0
1,sample,CUUUGUGGCCAUACCGCCUUUGCGAUGCCCAAUCCCGUCAGACCUUGGAAGCUAAGCAGGGUAGGGCCUGGUCAGUACUUGGAUGGGAGACCGUUCAGUAACACCAGGAAGCCUAGCGAAAG,0
1,sample,CUCUAUGGCCAUGCCACCCUGAACGAGUCUGAUCCCAUCUGAUCUCGGAAGCUAAGCAGGGUCGGGCCUGGUUAGUACUUGGAUGGGAGACCACCGAGGAAGACUAGGUGCUGCAGGCA,0
1,sample,GGGUGCGAUCAUACCAACACUAAUGCACCGGAUCCCAUCAGAACUCCGCAGUUAAGCGUGCUUGGGCGAGAGUAGUACUAGGAUGGGUGACCCCCUGGGAAGUCCUCGUGUUGCACCCC,0
1,sample,CAACAUGGUCAUACCGCCUUUGCUAUGCCCAAUCCCGUCAGAUCUUGGAAGCUAAACAGGGAAGGGCCUGGUUAGUACUUGCAUGGGAGACCGUUUGGUAACACCAGGAAGCCUAGC,0
1,sample,GUCUAUGGCCAUACCACCCUGAACACACCCGAUCUCGUCUGAUCUCGGAAGUUAAGCAGGGUCGGGGGGCCUGGUUAGUACUUGGAUGGGAGAAAGGACAAUCAAGUCC,0
1,sample,GUCUUUAGCCAUGCUAUCCCAAACAAGCCCGGUCCCGUUUGAUCUUGGAAGCUAAGCAGGGUCGGGCAUGGUUAGUACUUGGAUGGGAGAUCACCUAGGAAGACCAGGUGCUAUAGGCG,0
1,sample,GGGUGCGAUCAUACCAGCACUAAUGCACCGGAUCCCAUCAGAACUCGAAGUUAAGCGUGCUUGGGCGACAGUAGUACUAGGAUGGGUGACCCUAGGCCUGUCAACGGGUCGGGUCUA,0
1,sample,GCUUUCGGUGAUAUUAGGUAAAACACCCGUCCCCGUACGAUAACAAGAGUUAAGCAGCGUCGAACCUGGUCACUACCUAGGUGGAUGACCGCUUGGGAACAGUGGGUGCUGUAAGCU,0
1,sample,AUAUGUGGCCAUGCCGCCUUUGCGAUGCCCAAUCCCGUCAGACCUUGGAAGCUAAGCAGGGUAGGGCCUGGUUAGUACUUGGAUGGGAGACCGUUCCGUAACACAGGAAGCCUAGCGAAUG,0
1,sample,GGUUCUGGCCAUGGCAGUCUGAGAGUGCCUGAUCUUGUCAGACCUCAGAAGCUAAGCAGGCUUGGUCCUGGUUAGUACUUGGAUGGAGACCACCUGGGGUACUGGGUGCUGUAGCUU,0
1,sample,GUCUACGGCCAUACCACCCUGAAUGUGCUGGACCUCAUACUGUCUUGGAAACUAAGUAGGUUCUGGCUUGAUUAGUACUUGGAUGGGAGAAUAAUUGGGAAUACCAGGUGCUGUAGGCU,0
1,sample,GUAGACGGCCAUCUUAGGCUGAGAACACCAUAUCCCGUUCGCUGGCUCUGUGAAGUUAAGCUGCCUCAAGCUCGGGUAGUAGUCAGAGCUCGGGUGGGUGACCACCGGGGAAGUCCGGGUGCUGUCUACU,0
1,sample,GUCUACGGCCACGCCCCCCUGAACACACCCUAUCUCAUCUGAUCUCGGAAGCUAAGCAGGGUCGGACCUGGUUAGUACUUGGAUGGGAGACCGCCUAUGAAGACCAAGUGCUGUAGGUG,0
1,sample,GCUUACGGCCAUACAACCCUGAACACCUCUGAUCUCGGAAGCUAAGCAAGGUAGGGCCGGGUCAGUACUUGGAUGGGAGAUUGCCUGGGAAUACCCUGUGCUGUAAGCU,0
1,sample,GUCUACAGCCAUGCUACCCUGAACAAGCCCGAUCCCGUCUGAUCUCGGAAGCUAAGCAGGGUCGGGCCUGGUUAGUACUUGGAUGGGAAACCACCUAAGAAGACCAGGUGCUGUAGGCG,0
1,sample,UAGUAUGUUUACAUGGCAUUGAUACAUUGGUUCCUGUAUGAUCACAAAAGUUAAGCAGUGUUGAUCCUGGUUAGUACUUAGAUGGGUGACUGCUUGGGGAUAUCAGAUGUAGUAA,0
1,sample,UUUGGGUGCCUUGCUGGCCUGGAUGUGCCUGAUCCUGUUUGUUCUCAGAAGCUAAGCAGGACCAGGCCUGGUCGGUACUUGGAUGGGGGACCGCCAAGGAAGACGAGGUGCGUCUCAGU,0
1,sample,GGGUGCGAUCAUACCAGUACUAAUGCACCGAAUCCCAUCAGAACUCCGCAGUGAAGCGUGCUUGGGCGAGAGUAGUACUAGGAUGGGUGACCUCCUGGGAAGUCCUCGUGUUGCACCCU,0
1,sample,AGAUAUGGGAUAGCCAUUCCUAAGCACAUCCGAUCUCGCCUGAUUUCGGAAGCUAAGCAGGGUUGGCCUUGGUUAGUACUUGGAUGGGAGACCACCAGGGAAUACCAGGUGCUGUAGACA,0
1,sample,GCCAACGUCCAUACCAUGUUGAAUACACCGGUUCUCGUCCGAUCACCGAAGUUAAGCAACAUCGGGCGUGGUUAGUACUUGGAUGGGUGACCGCCUGGGAAUACCACGUGAUGUUGGCU,0
1,sample,GGGUGCGAUCAUACCAGCACUAUUGCACCGGAUGCCAUCAAAACUCCGCAGUUAAGCGUGCUUGGGCUAGAGUAGUACUAGGAUGGGUGACCUCUUGGGAAGUCCCCGUGUUGCAUCCC,0
1,sample,GUCUACGGCCAUACCACUGAGAAAGCACCGGUUCUCGUCCGAUCACCGAAGUUAAGCUCAGUAGGGCGCGGUUAGUACUUGGAUGGGUGACCGCCUGGGAAUACCGUGUGCUGUAGGCA,0
1,sample,CUCUCCUGCCUAGAUGCCCUAAGCACAUCCGAUCUCGCCUGAUUUCGGAAGCUAAGCAGGGUCAGCUCCGGUUAGUACUUGGAUGGGAGACCACCAAGGAAUACUAGGUGCUGAAGGCG,0
1,sample,CUAACACCAUACCACGAUGAACAUGCCUGAUCUCAUCUGAUUUCGGAAGCUAAUCAGGGUUGGCCUGGUUAGUACGUCUAUGAGAAACCACUUGGGAAUGAUUGGAGUGCUGUAGG,0
1,sample,UCUUACAGCCACAUCAUGUUGAAACAUCAGUAUGAUCACCGAAGUUAAGUAACGUUGAACCUAGUCAGUACCUAAAUGGGUGACUGCUUGGGAAUACCAGAUGCUGAAAGAG,0
1,sample,GGGUGUGAUCAUACCAGCAGUAAUGCACCGGAUCCCAUUAGAACUCCGCAGUUAAUCGUGCUUGCGGGAUAGUAGUACUAAGAUGGGUGACCUCCUGGGAAGUCCUCAUGUUGCACCCC,0
1,sample,GGAUGCGAUCAUACCAUCACUAAUGCACCGGAUCCCAUCAGAACUCCGAAGUUAAGCGUGCUUGGGCGAGAGUAGUACUAGGAUGGGUGACCCCCUGGGAAGUCCUCGUGUUGCAUCCC,0
1,sample,CGGUGCGAUCAUAUCAGCAUUAAUGCAUCGAAUCCCAUCAGAACUCUGCAGUAAAGCGUGCUUGGGCGAGAGUAGUACUAGGAUGAGUGACCUUUUAGGAAGUCCUCGUGUUGAACCCC,0
1,sample,GGGUGCGAUCAUAUUAGCACUAAUACUCCGGAUUUUAUCUGAACUCAGCAGUUAAGCAUGCUUGGACUAGAGUAGUACUAGGAUGGGUGAACCCAUGGGAAGUCAUCGUGUUGCACCCU,0
1,sample,GCUUAUGGCCAUACCAACCUGGCUAUGCCCAAUCUCGUCUGAUCUCAGAAGCUAAGCAGGUUUGGGCCUGGUUAGUACUUGGAUGGUAGACCGCCUGGGAAUACCAGGUGCUGUAAGCU,0
1,sample,GGGUGCGAUCAUACCAGCACUAAUGCGGAUCCCAUCAGAACUCCGCGAUUAAGUUUGCUUGGGUGAGAGUAGUGCUAGUAUGGGUGACCUCGGGAAGUCCUUGUGUUGCACCUU,0
1,sample,GUCCACAGCUAUGCCACCCUGAACACACUUGAUCUCCUCUGAUCUUGGAAGCUAAGCAGGUUGGGUCUGGUUAGUUUUUGUAUGGGAGAGUACCUGGGAAUACCAGGUGCUGUAGGCU,0
1,sample,GUCUACGGCCAUACCACGUUGAAAGCACCAGUUCUCGUCCGAUCACUGAAGUUAAGCAACGUCGGGCUCGGUUAGUACUUGGAUGGGUGACCGCCUGGGAACACCGAGUGCUGUAGACU,0
1,sample,GUUUACGGCCAUAUCAUGUUGAAACAUCGGUUCUUGUACGAUCACCGAAGUUAAGCAACGUCAAGUCUGGUCAGUGCAGAGAUGACUGCUGGGUUAAUACCUGAGGCUGUAAGAU,0
1,sample,GUUUACGGCCAUACCAGCCUGGGUACGCCCGAUCUCGUCUGAUCUCGGAAGCUAAGCAGGGUCGGGCCUGGUUAGUACUUGGAUGGGAGACUGCCUGGGAAUACCAGGUGCUGUAAGCU,0
1,sample,GGGUGCGAUCAUACCAGCACUAAUGCACAGGAUCCCUUCGGAACUCCGCAGUCAUGCAUGCUUAGGCGAGAGUAGUACUAGGAUGGAUGACCCCUUGGGAAGUUCAUGUGUUGCCCCCC,0
1,sample,AAUAGCAGCCAUAUCACCCUGCAGCCCAAGACUGGUUGCCCAUUGAAGCUAAGCAGGGCUGAGCCUGCUCAGUACCUGGAUGGGAGACCUCCUGGGAAAACUAGGUUGCUGCUGGAA,0
1,sample,GCUUACGGCCAUACCAGCCUGAAUACGCCCGAUCUCGUCUGAUCUCGGAAGCUAAGCAGGAUCGGGCCUGGUUAGUACUUGGAUGGGAGACUGCCUGGGAAACCAGGUGCUGCAAGCU,0
1,sample,GGGUACGAUCAUACCAGCACAACUGCACCAGAACCCAUCAGGACCCCGCAGUUAAGCGUGCUUGGGCGAGAGUUGUACUAGGAUGGGUCGCCUCCUGGGAAGUCCUCGUGUUGCACCCC,0
1,sample,GCUUACGGCCAUACCAGCCUGAAUACGCCCGAUCUCGUCCGAUCUCGGAAGCUAAGCAGGGUCGGGCCUGGUUAGUACUUGGAUGGGAGACCGCCUGGGAAUACCAGGUGCUGUAAGCU,0
1,sample,UGGUGCGAUCAUACCAGCACUAAUGCACCGGAUCCCAUCAGAACUCCGCAGCUAAGCGUGCUUGGGCGAGAGUAGUACUAGGAUGGGUGACCUCCUGGGAAGUCCUCGUGUUGCACCCC,0
1,sample,GGAUGCGAUCAUACCAGCACUAAAGUACCGGAUCCCAUCAGAACUCUGAAGUUAAGCGUGCUUGGGAUCGAGUAGUACUAGGAUGGGUGACCUCUUGGGAAGUCCUCGUGUUGCAUUCC,0
1,sample,GCCUACGGCCACAUCACCCUAAAAGUGCUCAGUCUUGUCUCAUUUCGGAAGCUAUCUGGGGCUGGGCCUGGUUAGUAUAUGGAUAGGAGACUGCCUGGGAAUAUCAGGUGUCGUAGGCU,0
1,sample,GCUUGCGGCCAUACCACUCCGAAAAAGCCCGAUCUCGUCUGAACUCGGAAGCAAAGCCAAGUUGGGCCUAGUUAGUACUUGAAUGGGAGACUGAAUGGGUAUACUAGGUGCUGUAAGAU,0
1,sample,GGGUGCGAUCAUACCAGCAAUAAUGCAGCGGAUCCCAUCAGAACUCCGCAGUUAAGUGUGCUUGGGCGGGAGUAGUACUAGGAUGGGUGACCUCCUGGGAAGUCCUUGUGUUGCACCCC,0
1,sample,AGGGUCGUUCAUACCAGCACUAAUGCACUAGAUCCCAUCAGAACACUGUAGUUAAGCAUGCUUGGGCAAGGUAGUACUAGGAUGGUUGACUCCUUGGGAAGUCCUCGUGUUGUACCCU,0
1,sample,GUCUACGGCCAUACCACCCUGAACGCCCCCGAUCUCGUCUGAUCUCGGAAGCUAAGCAGGGUCGGGCCUGGUUCGUACUUGGAUGGGAGAAAUCCAAAAUGAAGCCAUAGUAA,0
1,sample,GCUUACGGCCAUACCAACCUGGCUAUGCCCGAUCUCGUCUGCUCUCGGAAGCUAAGCAGGUUUGGGCCUGGUUAGUACUUGGAUGGAGACCGGCCUGGGAAUACCAGGUGCUGUAAGCU,0
1,sample,GCCUACGGCCAUGCCACCCUGCACAAGCCCGACCCCGUCUGAUCUUGGAAGCUAAGCAGGGUCGGGCCUGGUUAGUAUUUGGACAGGAGACCACCUAGAAAGACCAGGUGCUGUAGGCU,0
1,sample,ACAUACGACCAUACCUACUGGGAAACUCGGGAUCCCGUCCGCUCUCCCAUUCGAUAAACCAGUAAGGGCCGGACCAGUAGUCGGGUGGGUGACCACCGGCGAAUCCCCGGUGUUGUAUGUU,0
1,sample,CUCUAUAGCAGUUAAGUGCCACCCUGAGCCCGAUCCCAUCAGAUCUCGGGAGCUAAGUAGAGUCAGCCUCAGUUAGUACUUGGAUGGGAGACCUCCUGGGAAUACCGUGGGCUGUAGGUU,0
1,sample,AAUUUCGGCCAUAUCACGUUGAAACAUUAGCUUCUCAUCCGAUCACUGAUGUUAAGCAAAGUUGAACCUGGUCAUUAUCUAGAUGGAUGACUUAGGAAAUCUUGGUUCUGUAAGAA,0
1,sample,GGAUGCGAUCAUACCAGCACUAAUGCACCGGAUCCCAUCAGAACUCCGAAGUUAAGCGUGCUUGGGCGAGAGUAGUACUAGGAUGGGUGACCCCCUGGGAAGUCCUCGUGUUGCAUCCC,0
1,sample,UAAGGUGAUUAUAGCGAUGGGGCUCACCUCUUACCAUUCCGAACAGAGAAGUUAAGCCCAUUUGCGCCGAUGGUACUACAUUGUGGAAGAGUAGGUCGUCGCCUUUU,0
1,sample,GGUGGUUAUGGCGGUGGGGAGACACCCGGUUACAUUCCGAACCCGGAAGUUAAGCCUGCCUGCGCUGAUGGUACUGCACUGGGGACGGUGUGGGAGAGUAGGUCGCUGCCGCAC,0
1,sample,CCCUGUAGCCCUAGACUGGUUGCCCACGGAAGCUAAGCAGGGUUGAGCCUGGUCAGUACCUGAAUGGGAGACCUUCUGGGAAAAACUAGGUUGCUGCUGGAA,0
1,sample,GCAUAUGGUCUCAUCAUAUUGAAACACCAAUUCCCAUAUGAUCACCAAAGUUAAGCAAUGUUGUGCCUAGUGAGUACCUAGAUGGGUGACUACUUGGGAAUAGCAGGUGCUUUAAGUU,0
1,sample,CGCCCGAUCUCGUCUGAUCUCGGAAGCUAAGCAGGGUCGGGCCUGGUUAGUACUUGGAUGGGAGACCGCCUGGGAAUACCGGGUGCUGUAGGCU,0
1,sample,GUCUAUGGCCAUACCACCCUGAAUGCACCCGACCUCAUAUGAUCUCAGUAGCUAAGCAGGUUAGGGCCUUGUUAGAACUUGGAUGGGAUAUAGCCUGGGAAUACCAUGUGCUGUAGUCU,0
1,sample,UUUCUUGGGCCACACCGCCUUUGCUCUGCCCAGUCCCGUCAGACCUUGGAAGGUAAGCAGGGAAGGGCCUGGCUACUACUUAGAUGGGAGACCGUUUGGGAACACCAUGAACCGAGUAGG,0
1,sample,GAAUGCGAUCAUACCAGCAUUAAUGCACAGGAUCCCAUCAGAACUCCGAAGUUAAGCGUGCUUGGGGGAGAGUAGUACUAGGAUGGGUGACCCCCUAGGAAGUCCUCGUGUUGCAUCCC,0
1,sample,GGGUGCGAUCAUACCAGCACUAAUGCACCGGAUCUCAUCAGAACUCCGCAGUUAAGCGUGCUUGGGCGAGAGUAGUACUAAGUUUGGUGACCACUUGGGAAGUCCUCGUGUUGCACCCC,0
1,sample,ACCUAGAUGCCCUAAGCACAUCUGAUCUCACCUGAUUUGGGAAGCUAAGCAGGGUCGGCCCUGGUUAGUACUUGGAUGGGAGACCACCAGGGAAUACCAGCGGCUGUAGGUG,0
1,sample,UCUGGUAGCGAUAGCGGAGAGGUCACACCUGUUCCCAUGCCGAACACAGCAGUUAAGCUCUCCAGCGCCGAUGGUAGUUGGGGUUUAACCCCUGCAAGAGUAGGACGCCGCCAGGC,0
1,sample,GGAUGCGAUCAUACCAGCACUAAAGCACCGGAUCCCAUCAGAACACCGAAGUUAAGCGUGCUUGGGCGAGAGUAGUACUAGGAUGGGUGACCUCCUGGGAAGUCCUCGUGUUGCAUCCC,0
1,sample,AUCUGGGGCCAUACCAACUGCAUCCCGUUCGAUCUGCGCAGAUCUGCGCAGUCAACACUGUAGGGCCGAGUCAGUAGUGCGGUGGGGGACCACGCGCGAAUACUCUGGUGCCCAGGUU,0
1,sample,GCUUACGGCCAUACCAACCUGGCUAUGCCCGAUCUCGUCUGAUCUCGGAAGCUAAGCAGGUUUGGGCCUGGUUAGUACUUGGAUGGGAGACCGCCUGGGAAUACCAGGUGCUGUAAGCU,0
1,sample,GCUUACGGCCAUACCACCCUAAAUACGCCAGAUCUCGUUUGAUCUCGGAAGCUAAGCAAGGUAGGGCUGGGUCAGUACUUGGAUGGGAGACUGCCUGGGAAUACGCGGCUGUAAGCU,0
1,sample,GUCUAUGGCCAUGCCACCCUGAACAAGCCGAUGUCUGAUCUCAGAAGCUAAGCAGGGUUGGGCCUGGUUAGUACUUGGAUGGGAGACCACCUAGGAAGACCAGGUGCUGUAUGCA,0
1,sample,GUGUAGGGCCAUACCAAGCUGAAAACACCAGGUCUCGUCCGAUCCCUGAAGUUAAGCAGCCUCGGGCGAAGUCAGUACUUAGGAGGGAGACCACUUGGGAACACUGCGUGUCCUACGCA,0
1,sample,GCCUAUUGCUACAACAAGCGCAUCCGAUCUCGCCUGAUUUCGGAAGCUAAGCAGGGUCGGCCCUGGUCAGUACUUGGAUGGGAGACCACCAGGGAAUACCAGGUGCUGCAGGUG,0
1,sample,GGAUGCGAUCAUACCAGCACUAAAGCACCGGAUCCCAUCGGAACUCCGCAGUUAAGCGUGCUUGGGCAGGAGUAGUACUAGGAUGGGUGACCUCCUGGGAAGUCCCUGUGUUGCAUUCC,0
1,sample,GCUUUCGGCUAUACCACCCUGACACCGCCGAUCUCGUCUGAUCUCGGAGCUAAGGCAGGUCGGGCCUGGUUAGUACUUGGAUGGGAGACCGCCUGGAAUACCAGGUGCAGUAAGCU,0
1,sample,CUCUUCCCAUUCCGAACAGAGAAGUUAAGCCCGCCAGAGCCGAUGGUACUGCAGUAAAAUGUGGGAGAGUAGGUCGGUGCCAUCC,0
1,sample,UUCGGUGGUCAUUGCGUUAGGGAAACGCCCGGUUACAUUCCGAACCCGGAAGCUAAGCCUUUCAGCGCCGAUGGUACUGCAGGGGGGACCCUGUGGGAGAGUAGGACGCCGCCGAAC,0
1,sample,AGCCACAGCCAUAUCACCCUGCAGCCCAAGACCGGUUACUCAAUGAAGCUAAGCAGGGCUGAGCCUGGUCAGUACCUAAAUGGAAGACCACUAGGGAACACUAGGUUGCUGUUGGAA,0
1,sample,AGGUGCGAUCAUACCAGCACUAAUGCACCGGAUCCCAUCAGAACUCCGCAGUUAAGCGUGCUUGGGCGAGAGUAGUACUAGGAUGGGUGACCUCCUGGGAAGUCCUCGUGUUGCACCUC,0
1,sample,UUCGGUAGCCAUAUCACCCUGUAGCCCAAUACUGGUUGCCCACUGAAGCUAAGCAGGGCUGAGCCUGGUCAGUACCUUGAUGGGAGACCUCCUGGGAAAACUAGGUUGCUGCUGGAA,0
1,sample,GCUUACGGUCAAAUCACGCUGAAAACACCGGUUCUCGUUCGAUCACCGAAGUUAAGCAUCGUAGAGCCAGGUCAGUACUUAGAUGGGGGACCGCUUGGGAACACCUGGUACUGUAAGCC,0
1,sample,UUAGGUGCCUAUAUCGGCGGUGUCUACCUCUUCCCAUUCCGAACAGAGAAGUCAAGCCCGCCAGAGCCGAUGGUAUUGCCGUAACAGGUGGGAGAGUAGGUCGGUGCCUUUU,0
1,sample,GCCAGCAGCCAUAUCACCCUGCAACUCACAACUGGCAGCCCACUGAAGCUCAGCAGGUGUGAGUCUGGUCAGUACCUGGAUGGAGACCUCCUGGGAAAAACGAAGGUUGCUGCUGGAA,0
1,sample,ACAUACGACCAUACCCAUUGGAAAAUACGGGAUCCCGUCCGCUCUCCCAUAGUCAAGCCAAUGAGGGGCGGAUUAGUAGUUGGGUCGGUGACGACCAGCGAAUCCCCGCUGUUGUAUGUC,0
1,sample,GGAUGCGAUCAUACCAGCACUAAUGCACCGGAUCCCAUCAGAACUCCGAAGUUAAGCGUGCUUGGGCGAGAGUAGUACUAGGAUGGGUGACCCCUGGGAAGUCCUCGUGUUGCAUCCC,0
1,sample,GCUUACGGCCAUACCACCUGAACACGCCCGAUCUCGUCAGAUCUCGGAAGCUAAGCAGGGUCGGGCCUGGUUAGUACUUGGAUGGGAGACCGCCUGGGAAUACCAGGUGCUGUAAGCU,0
1,sample,GGGUGCGAUCAUACCAACAUUAAUGCACCAGAUCCCAUCAGAACUCCGUAGUUAAGAAUGUUUGGGGAAAGUUAGUAACUAGGAUGGGUAAACUUAACAUUCGUACAAA,0
1,sample,GCUUACGGCCAUACCAGCCUGGGUACGCCCGAUCUCGUCUGAUCUCGGAAGCUAAGCAGGGUCGGGCCUGGUUAGUACUUGGAUGGGAGACCGCCUGGAAAUACCAGGUGCUGUAAGCA,0
1,sample,GUCUACGGCCAUACCACUGAGAAAGCACCGGUUCUCGUCCGAUCACCGAAGUUAAGCUCAGUAGGGCGCUGUUAGUACUUGGAUGGGUGACCGCCUGGGAAUACCGUGUGCUGUAGGCA,0
1,sample,UUUAGCAGCCAUAUCACCCUGUAGCCCAAGACCGUUUGCCCACUGAAGCUAAGCAGGGUUGAGCCUGGUCAGUACCUGGAUGGGAGACCUCCUGGGAAAACUAGGUUNNNNNNNNNN,0
1,sample,GCUUACGGCCAUACCACCCUGAGCGUGCCCGAUCUCGUCUGAUCUCGGAAGCUGAGCACGGUCGGGCCUGGUUAGUACUUGGAUGGGAGACCGCCUGGGAAUACCAGGUGCUGUAAGCC,0
1,sample,GCUUACGGCCAUACCACCCUGCGCGCGCCCGAUCUCGUCUGAUCUCGGAAGCUAAGCAGGGUCGGGCCUGGUUAGUACUUGGAUGGGAGACCGCCUGGGAAUACCAGGUGCUGUAAGCU,0
1,sample,UCUGGUGAUGAUGGCGGAGGGGACACACCCGUUCCCAUGCCGAACACGGCCGUUAAGCCCUCCAGCGCCGAUGGUACUUGCUCCGCAGGGAGCCGGGAGAGUAGGACGUUGCCAGGC,0
1,sample,GGAUGCGAUCAUACCAGCACUAAAGCACUGGAUCCCAUCAGAACUCCGAAGUUAUGCGUGCUUGGACGACAGUAGUACUAGGAUGGGUGACCUCCUGGGAAGUCCUCGUGUUGCAUUCC,0
1,sample,GGGUGCGAUCAUACCAGCACUAAUGCACCGGAUCCCAUCAGAACUCCGCAGUUAAGCGUGCUUGGGCGAGAGUAGUACUAGGAUGGGUGACCCCCUGGGAAGUCCUCGUGCCGAGUGGC,0
1,sample,AUAAACAGCCAUAUCACUCUGCAACUCACAAUUGGCAUCCCACUGAAGCUAAGCAGGUGUGAGCCUGGUCAGUACCUGGAUGAGAGACCUCCUGGGAACAACUAAGGUUGCUGUUGGAU,0
1,sample,AGGUGCGAUCAUACCAGCACCAAUGCACCGGAUCCCAUCAGAACUCCGCAGUUAAGUGUGCUUGGGCGAGAGUAGUACUAGGAUGAGAGUAGUACUAGGAUGGGUGACCUCCUGGGAAGUUCUCGUGUUGCACCUC,0
1,sample,GCUUACGGCCAUACCAGCCUGGGUACGCCUGAUCUCGUCAGAUCUUGGAAGUUAAGCAUGGUCCGGCCUGGUUAGUACUUGGAUGGGAGACCGCCUGGGAAUACCAGGUGCUGUAAGCA,0
1,sample,GAUUAUAGUCAUAUCAUGUUGAAACAUUGGUUCUUGCCCAGUCACUAAAGUUAAGCAAUGUUGAGCCUGAUCAGUACUUAGAUUGGUGACUACUUGGGAAUAACAGUUACUGUAAGCU,0
1,sample,GCUUACGGUCACACUACCCUGAGAACGCCGAUCUCGUCUGAUCUCGAAGCUAAGCAGGUUUGGCCUGGUUAGUACUUGGAUGGGAGACACCUGGGAAUACCAGGUGCUGUAAGCU,0
1,sample,GUCUACGGCCAUACUACCCUGAAAGCGCCCGAUCUCGUCUGAUCUUAGAAGCUUAAGAAGGGUCAGGCCUGGUUAGUACUUGGAUGGGAGACCGCCUGGGAAUACCGGGUGCUGUAGGCU,0
1,sample,AGGUGCGAUCAUACCAGCACUAAUGCACCGGAUCCCAUCAGAACUCCCCAGUAUAAGCGUGCUUUGGGCGAGAGUAGUACUAGUGGGUGACCUCCUGGGAAGUCCUCGUGUUUGCACCUC,0
1,sample,ACUUAGUAUAUAAUAAAUUUGGCAAAAAAUAGACUCAAUGCCUGAUCUCUGAAUAUAAGCAGGUUUGCGCCAGGUUAGUACAUGGAUGGGAGACUGCCUGGGAAUACCAGGUGCUUUAAAUU,0
1,sample,GCUUACGGCCAUACCACCAUAGGCACGCCCGAUCUCGUCUGAUCUCGGAAGCUAAGCAGGGUCGGGCCUGGUUAGUACUUGGAUGGGUGACCGCCUGGGAAUACCAGGUGCUGUAAGCA,0
1,sample,GGUCACGGCCAUAUGUUGUAACACCGGUUCCCGUAAGAUUACGGAAAUUAAGCAACGUCGAGCCUGAUUAGUACCUAGGUGGUUCAUCGCUUAGGAAUACCAGAUGCUGUAAGCU,0
1,sample,GCUUACGGCUACAUCCCGUUGAAACAGCACUUACCGUACGAUGACCGAAGUUAAGCAACGUCGAGCUUGAUCAUUACCUAGGUGAGUGACUGCUUGGGAAUACCGGGUGCUGUAAGCU,0
1,sample,AUUUGUGGUCAUACCGCCUUUGCUAUGCCCAAUCCCGUCAGACCUUGGAAGCUAAGCAGGGAAGGGCCUGGUUAGUACUUGGAUGGGAGACCGUUUGGUAACACCAGGAAGCCUAGCGAAUG,0
1,sample,UUUUAAGGUCAUAUCAACGUGUUGAAACAUCGGUUUCUGUACGAUCACCGAAGUUAAGCAAUAUCAGGCCUGGUCAGUACCUAGAUAGGUGAUCACUUGGGAAUUCCAAGUGCUGUAAGCU,0
1,sample,GCUUACGGCCAUACCAGCCUGGGUACUCCCGAUCUCGUCUGAUCUCGGAAGCUAAGCAGGGUCGGGCCUGGUUAGUACUUGGAUGGGACACCGCCUGGGAAUACCAGGUGCUGUAAGCA,0
1,sample,GCUCACGGGCAAACCACACUGCAAACGCGCGAUCUCGUCUGAUGUCGGAAGCCAAGCAGGGUCGGCCCUGGUUCGUACCUGGAUGGGAGACCCCCUGGGAAUACCCGGUGCUGCAAGCC,0
1,sample,GUCUAUGGCCAUGCUACCCUGAACAAGCCCAAUCUGUCUGAUCUCAGAAGCUAAGCAGGGUGGGGCCUGGUUAGUACUUGGAUAGGAGGCCACCUAGGAAGACCAGGUGCCGUAGGUG,0
1,sample,GCUUAUGGCCAUAUGAUAUUGAAACAGAAACAUAGAUUCGCGUACGAUCACCGAAUUUAAGCAAUGUCGAGCUUAGUCAGUACCUAGACGGGUGACUAUUUGAGAAUACCAAUUGCUUGUAAGCU,0
1,sample,CAUAUCAGCCAUAUCACCCUGUAGCCCAAGACUGGUUGCCCACUGAAGCUAAGCAGGGCUGUGCCUGGUUAGUACCUGGAUGGGAGACCUCCUGGGAAAACUAGGUUGCUGCUGGAA,0
1,sample,AAAGGCGGCCAGAGCGGGGUGGCGGGAACACCCAGUACCCAUUCCGAACACGGAAGUUAAAGCCCACCAGGCCGGUACCGGGAAGUACUGGACGUGGGAGCGAUCCUCUGGGAACCGCGCGUUCGCCGCCUGGC,0
1,sample,GCUUAUGACCACAUCAUGUUGAAAUACCAGUUCCUAUACAAUCACCGAAGUUACACAAUGUCAAGCCUAGUAAGUACCUAGAAGGAUGACAAUUUGGGAAUACAGUAUGCUGUAAUCU,0
1,sample,GGGUACGAUCAUACCAGAAUUAAUGCACCAGAUCCCAUACGAACUUCAUUGUUAAAAGUGCUUGGACGAGCGUAGUACUACGAUGGGUGACCUUCUGGGAAGUCCUCGUGUUGCACCCU,0
1,sample,GGUUAAAACAUACUGAAAACAGUAGUUCUCAUUCAAUCACCAAAGUUAAGCAUCAUUGAGCCCAGUCAGUAGUUAAAUGGGUGAUCACUUGGGAACACCAGGUAAAGCAACCU,0
1,sample,UACAGAGGCCAUACCACCCUAAAUGUGCCCAAUCUCAUCUGAUCUUGGAAGGUAAGCAAGGUCUGCCCUGGUUAGUACUUGGAUGGGAGAUAUUUAGGAAAACUCUCAAU,0
1,sample,AGGUGCGAACAUACCAGCACUGAUGCACCGGAUCCCAUCAGAACACCGCAGUUAAGCGUGCUUGGGCGAGAGUAGUGCUAGGAUGGGUGACCUCCUGGGAAGUCCUCGUGUUGCACUCC,0
1,sample,GAUUACGGCCAUACCAACCUGGCUAUGCCCGAUCUCGUCUGCUCUCGGAAGCUAAGCAGGUUUGGGCCUGGUUAGUACUUGGAUGGGAGACCGCCUGGGAAUACCAGGUGCUGUAAGCU,0
1,sample,GUUUAUGGCUGUAUCACAUUGAAACACCAGUCCUCAUCUGAUCACCGAUGUUAAGCAACGUCCAUCCUGGUGGGUAACAGAGGAGUGACCGCUAUGGAAUUCCAGAUGCGGUAAGCU,0
1,sample,GCUUACGGCCAUACCACCCUGAGCACGCCCGACCUCGUCUGAUCUCGGAAGCUAAGCAGGGCUGGGCUUGGUUAGUACUUGGAUGGGAGACUGCCUGGGAAUACCUGGUGCUGUAAGCC,0
1,sample,AUCCACGGCCAUAGGACUUCGAAAGCACUGCAUCCCGUCCGAUCUGCGCAGUUAACCGAAGUGCCGCCCAGUCAGUACCACGGUGGGGGACCACGCGGGAAUCCUGGGUGCUGUGGUUU,0
1,sample,GGAUGCGAUCAUCCCAGCAUUAAUACACCGGAUCCCAUCAGAACUGCGCAGUUAAGCGUGCUUGGGCGAGAGUAGUGCUAGGAUGGGUGACCUCCUGGGAAGUCCUUGUGUUGCACCCC,0
1,sample,GCUUGCGGCCAUAUCAUGUUGAAACACCGGUUCACGUACGAGUUAAUCAAUGUGAAGCCGGGCCAGUAUCUAGAUAGGUGACCGCUUGGGAAUAGCAGAUGCUGUAAGCG,0
1,sample,UAGUAUGGUAUACUCACUCCAAUCUCACCUGAUUUCAGAAGCUAAGCAGGGUCUGCCCUGGUUAGUACUUGGAUGGGAGACCACCAGGGAAUACCAGGUGCUGUAGGUA,0
1,sample,GUCUACAGACAUGCCACCCUGAACAAGCCCAAUGUCUGAUUUCGGAAGCUAAGCUGGGUCGGGCCUGAUUAGUACUUGGAUGGGAGACCACCUUGGAAGACCAGGUGCUCUAGGCA,0
1,sample,GACAACGGCCAUACCACUUUGAAAACGCCCGUUCUCGUUCGAUCACCGAAGUUAAAGUAUCGGCGCCGGGCGCGGUCAGUACUAUGACUACUUAGGAACACCGCGUGCCGUUGUAC,0
1,sample,GAGUGCGAUCACACCAGCACUAAAGCACCGGAUCCCAUCAGAACUCCGAAGUUAAGUGUGCUUGGGCGAGAAUAGUAAUAGGCUUGGUGACCCCCAGGGAAGUCCUCGUGUUGCACUCC,0
1,sample,GAGAACGACCAUACCAACAUGACAGCACCGCUUCCCGUCUGCUCAGCGAAGUUAAGCAUGUUCGGGCCUGGUUAGUACUACGGUGGGGGACCACGUUGGAAUCCCAGGUGUUGUUCUCU,0
1,sample,GGGUGCGAUCAACCCAGCACUAAUGCACCGGAUCCCAUCAAAACUCCGUAGUUAAGCGUGCUUGGGCGAGAGUAGCACUAGGAUUGGUGACCUCCUGGGAAGUCCUCGUGUUGCACCCC,0
1,sample,GCCCGCAGCCAUAUCACCCUGUAGCCCAAGACUGGUUGCCCACUGAAGUUAAGCAGGGCUGAGCCUGGUCAGUACCUGGAUGGAAGACCUCCUGGGAAAACUAGGUUGCUGCUGGAA,0
1,sample,GCUUAUGGCCAUACCACUCUGAAAAUGCCCGAUCUCGUUUGACCUUGGAAGCAAAGCCAAGUUGGGCCUAGUUAGUAAUUGGUUGGGAGACUGAAUGGGAAUACUAUGUGCUGUAAGCU,0
1,sample,GGGUGCGAUCAUACCAGCACUAAUGCACCGGAUCCCAUCAGAACUCCGCAGUUAAGCGUGCUUGGGCGAGAGUAGUACUAGGAUGGCUGACCUCCUGGGAAGUCCUCGUGUUGCACCCU,0
1,sample,GGGUGCGAUCAUACCAGCACUAAUGCACCGGAUCCCAUCAGAACUCCGCAGUUAAGCGUGCUUGGGCGAGAGUAGUACUAGGAUGGGUUACCCCCUGGGAAGUCCUCGUGUUGUACCCC,0
1,sample,GUUUAGGGCCACAUCACAUUGAAACACUGGUUCUUGUACAAUCACCGAAGUUAAGCAAUGUCAAACCUAGUCAGUAGCUAGAUGGGUGACUGCUUGCAAAUACCAGAAGCUUGAAUGU,0
1,sample,ACUUAUGGCUAUAUCACAUUGAAACACUGGUUCUCGUAUAAUCACUGAAGUUAAGCUACAUCACGCUUCAUCAGUAUCUAGAUGGGUGAUCACUUGGGAAUGCCCGGUGCUGUAAGCU,0
1,sample,GUCUAUGGCCAUGCUACCGUGAACAAGCCCGAUCCUGUCUGAUCUCGGAAGCUAAGCAGUGUCGGGACUGGUUAGUACUUGGAUGGGAGACCAUCUAAGAAGACCAGAUGCAGCAGGUG,0
1,sample,GUCUACGGCAGUGUCCCCCUGAGCAAGCCUGAUGUCUGAUCUCGGAAGCUAAGCAGGGUCGGGCCUGGUUAGUACUUGGACGGGAGACCACCUAGGAAGACCGGGUGCUGUGGGCA,0
1,sample,CACUACAGGCUUGCCACCCUGAGUGUGCUCAACCCCAUCUGAUCGUGGAAGCUAAGCAAGGUUGGGCCUGGUUAGUACUUAGAUGGGAGACCAUCUAGGAAGAACAGGUGCUGUAGGUG,0
1,sample,UGUUAGAUAUGUUAUCGUUGAAACACAAGUUUUCGUACGAUCACCGAAGGUAAGCAACGUCAAGCUUGGUCAGUACAUAGAUGGGUGACCGCUUGGGAAUACCAGAUGCUAUAACCU,0
1,sample,GGUUUGCCAUCACUUCCCUAAGCACAUCUGAUCUCACCUGAUUUCAGAAGCUAAGCAGGGUCGGCCCUGGUUAGUAGUUGGAUGGGAGACCACCAGGGAAUACCAGGUGCUGUAGCCA,0
1,sample,GUAUAUGACUACAUUAUAUAUGACUGUAACAUCAAGUCCGAUCCCAUCUGAUCUUGGAAACUAAGCGAGGUCAGGCCUGGUUACUACUUGGAUGGGAGACCACGUAGGAAGACCAGGUGUUAUAGGCA,0
1,sample,GGAAGCGAUCAUACCAGCACUAAUGCACCGGAUCCCAUCAGAACUCCGAAGUUAAGCGUGCUUGGGCGAGAGUAGUACUAGGAUGGGUGACCCCCUGGGAAGUCCUCGUGUUGCAUCCC,0
1,sample,AGCCAUGGCAAUACCACCCUGCACUCGCCCGAUCUCAUCUGAUCUCAGAAGCUAAGCAGGGUCGGGCCUGGUUAGUACUUGGAUGGGAAUACAGCCUCAGCUGGGCGUGGUCG,0
1,sample,GGUUGCGAUCAUACCAGCACUAAUGCACCGGAUCCCAUCAGAACUCCGAAGUUAAGCGUGCUUGGGCGAGAGUAGUACUAGGAUGGGUGACCUCCUGGGAAGUCCUCGUGUUGCACCCC,0
1,sample,GUCUACAGCCAUGCCACCCUGAACAAGCCCGAUCCUGUCUGAUCAUGGAAGCUAAGCAGGGUUGGGCCUGGUUAGUACUUGGAGGGAGACUACCUAGGAGGACCACCUAGGAAGACCAGGUGCUGUAGUAG,0
1,sample,CCCGAACUCAGCAGUGAAACGGUACAGCGCCGAUGGUAGUGUGGGGUCUCCCCAUGUGAGAGUAGGACAUCGUCAAGC,0
1,sample,GGGUGCGAUCAACCAGCACUAAUGCACCGGAUCCCAUCAGAACUCCGCAGUUAAGCGUGCUUGGGCGAGAGUAGUACUGGGAUGGGGGACCUCCUGGGAAGUCCUCGUGUUGCACCCC,0
1,sample,GCCUACAGCCAUGCUACCUUCGCUGGGCCCGAUCUCAUCUGAUCUCGGAAGCUGAGCAGGGUCGGGCCUGGUUAGUACUUGGAUGAGAGACCACCUAGGAAUACCAGGCAUUGUAGGUG,0
1,sample,GCUUACGGUCAAAUCACGCUGAAACACCGCUUCUCGUUCGAUCACCGAGGUUAAGCAUCGUAGUGCCAGGUCAGUACUUAGAUGGGGGACCGCUUGGGAACACCUGGUACUGUAAGCC,0
1,sample,UACUACAGCCAUGCCACCCUGAACAAGCCCAAUCCUGUCUGAUCUCAGAAGCUAAGCAGGGUUGGGCCUUGGUUAGAACUUGGAUGAGAGACCACCUAGGAAGUCCAGAUGCUGUAGGUG,0
1,sample,UACAGCAGCCAUAUCACCCUGCAGCUCUCAACUGGCAACCCACUGAAGCUAAGCAGGGUUGAGCCAGGUCAGUACCUGGAAGGGAGACCUCCUGGGAAGCUAUGGUUGCUGCUGGAA,0
1,sample,GCUUACGGCAGUAUCACGUUGAAACACCGGUUCACGUACGAUCACCGAAGUUAAGCAACUUCAAACUUGGUCAGUAACUAGAUGGGUGGCAGCUUGGUGCUGUAAGCU,0
1,sample,GCGAACUGUCAUACCAUUCUGAAAAAACCGGUUCUCGUCCGAUCCCCAAAGCAGCAUUGGAUCUGGCUAGUACUUGGAUGGUUGCCCGCCUGGGAAUGCCAGAUGCAGUUCUCU,0
1,sample,GUCUAAGGCCUUACCGCCCUGAGACACCUGAUCUCUGGCCUCUGAAGCUAAGCAGGGUGGGGCCUGGUUCAGUACUUGGAAGAGAGACCGCCUGGGAAUACAAGCUGCUGUAGGCU,0
1,sample,GGUUACGGCCAUAUCACUUUGAAACACCGGUUCUCGUACGAUUACCGAAGUUAAGCAACGUCGAGCCUGGUCAGUACCAAGAUGGGUGACAGAUUGAGAACACCCGGAGCUUUAAGCA,0
1,sample,GGAUGCGAUCAUACCAGCACUAAUGCACCGGAUCCCAUCAGAACUCCGAAGUUAAGCGUGUUUGGGCGAGAGUAGUACUAGGAUGGGUGACCCCCUGGGAAAUCCUCGUGUUGCAUCCC,0
1,sample,UCUGGUGUCCUAGGCGUAGAGGAACAACACCAAUCCAUCUCGAACUUGGUAGUUAAACUCUACUGUGGUGACGAUAUUGCAGGAGACGUCUUACGGCAAAAUAGCUCGACGCCAAGA,0
1,sample,UACGGUGGUCACAGCACCAGGGAAACGCCCGGUCCCAUCCCGAACCCGGAAGCUAAGCCUGGUAGCGCCGAUGGUACUGCAGCCGAAGGGCUGUGGGAGAGUAGGACGCCGCCGAAC,0
1,sample,GCCUAUAGCCACACUACCCUGAAAGUGCCUGCUCUCGUCUGAUCUGUGAAGUGAUACAGGGUCAGGCCUGGUUAGUACCUGGAUGGGAGACCGCCUGAGAAGUUUUCAAAGCUUCAUUUU,0
1,sample,GGGUGCGAUCCUACCAGCGCUAAUGCAUCGGGUCGCUCAGAACUCCGCAGUUAAGCGUGCUUGGGCGAGAGUAGUGCUAGGAUGGGUGACCUCCUGGGAAGUCCUCGUGUUGCAACAC,0
1,sample,GGGUGCGAUCAUACCAGCACUAAUGCACCGGAUCCCAUCAGAACUCUGCAGUUAAGAGUGCUUUGGCGAGAGUAGUACUAGGAUGGGUGACCUCCUGGGAAGUCCUCGUGUUGCACCCC,0
1,sample,GGAUGUGAACACCAUGGCACCGGAUUCCAUCAAAACUCUAGUUGAGCGUGGUUGGGCGAGAGUAGUACAAGAAUGAGUAACCUCCUCAGAAGUACUCGUAUUGCAUCUC,0
1,sample,GGGUGGGAUCAUACCAGCACUAAUGCACCGGAUCCCAUCAGAACUCUGCAGGUAAGCGUGCU,0
1,sample,GCUUACGGCCAUACCACCUUAGGCACGCCCGAUCUCGUCUGAUCUCGGAAGCUAAGCAGGGUCGGGCCUGGUUAGUACUUGGAUGGGUGACCGCCUGGGAAUACCAGGUGCUGUAAGCA,0
1,sample,GUCUACGGCCAUACCACCCUGAACACGCCAGAUCGCCUCUGAUCUCGGCUGCUAAGCAGGGCCGGGCCUGGUUAGUACUUGGAUGGGAGACCACCUGGGAAUACCAGGUGCUGUAGGCU,0
1,sample,GGAUGCGAUCAUACCAGCACUAAUGCACCGGAUCCCAUCAGAACUCCUAAGUUAAGCGUGCUUGGGCGAGAGUAUUACUAGGAUGGGUGAGCCCCUGGGAAGUCCUCGUGUUGCAUCCC,0
1,sample,ACCUAUGACCAUACCACCCAGAUUUCGGAAGUUAAGCAGGGCAGGGCCUGACCAGUACUUGAAUGGGAGACUGCCUGAAAACACCAGGUACUGUUGGCU,0
1,sample,UGCCCUGGCCAUACUGCCUUUGCUAUGUCCAAUCCCGUCAGACCUUGGAAGCUAAGCAGGGAAGGGCCUGGUCGGUACUUGGAUGGGAGACCGUUUGGUAACACCAGGAAGCCUAGUGAC,0
1,sample,GGAUGCGAUCAUACCAGCACUAAUGCACCGGAUCCCAUCAGAACUCCGAAGUUAAGUGUGCUUGGGCGAGAGUAGUACUAGGAUGGGUGACCCCCUGGGAAGUCCUCGUGUUGCAUCCC,0
1,sample,UCUGGUGUCCUAGGCGUAGAGGAACCACACCAAUCCAUCCCGAACUUGGUGGUUAAACUCUACUGCGGUGACGAUACUGUAGGGGAGGUCCUGCAGAAAAAUAGCCUGACGCUAGGA,0
1,sample,GCUUACGGCCAUACCACCCUGAGGACGCCCAAUCUAAUCUGAUCUCGGAAGCAAAGCAGGGUCGGGCCUGGUUAGUACUUGGAUGGGAGACUGCUUGGGAAUACCAGGUGCUGUAAGCU,0
1,sample,GUCUAUGGCCAUACCACCCUGAAUGCUCCCAAUCUUGUCUGAUCUCGGAAGCUAAGCAGGGUCGGGCCUGGUUAGUACUUGGAUGGGAGACCACCUGGGCAUACCGGGUGCUGUAGGUG,0
1,sample,UGUCGUGGCUAUAGCGAAGGGGUCACACCUGUUUCCAUACCGAACACAGUAGUUAAGCCCUUCAGCGCUGAUGGUACUUGGCGGGAAGCUGCCUGGGAGAGUAGGUCGCUGCGAUAU,0
1,sample,AUCUGCAGCCGUAUCAACGUGAAUGUGCCUGAUCCUGUCUGAUCUUGGAAGCUAAGCAGAGUCAGGUCUGGUUAGUACUUGGAUGGGAGACUGUUUGGGAAUGCCAGGUGUGUAGCCU,0
1,sample,ACAUACGACCAUAGGGUGUGGAAAACAGGGCUUCCCGUCCGCUCAGCCGUACUUAAGCCACACGCCGGUGAGUUAGUAGUUGGGUGGGUGACCACCAGCGAAUCCUCACUGUUGUAUGUU,0
1,sample,GCUUACAUGGCAAUAUCACGUUGAGCAACGUCGAGCCUGGUCAGUACCUAGAUGAGUGACCGCUUGGGAAUACCAGCUACUGUAAGCU,0
1,sample,ACAUACGACCAUAGGGUGUGGAAAAUAGGGCUUCCCGUCCGCUCAGCCGUACUCAAGCCACACGCCGGCAGGUUAGUAGUUGGGUGGGUGACCACCAGCGAAUCCCUGCUGUUGUAUGUU,0
1,sample,GGGUGCGAUCAUACCAGCACUAAUGCACCGGAUCCCAUCAGAACUCCGAAGUUAAACGUGCUUGGGCGAGAGCAGUACUAAGAUGGGUGACCUCUUGGGAAGUCCUCGUGUUGCACCCC,0
1,sample,GACCGCAGCCAUAUCACCCUGUAGCCCAAGACUGGUUACCCACUGAAACUAAGCAGGGUUGAGUCUGGUCAGUACCUGGAUGGGAGACCUCCUGGGAAAACUAGGUUGCUGCUGGAA,0
1,sample,GCUUACGGCCAUACCAGCCUGGGUACGCCCGAUCUCGUCUGAUCUCGGAAGCUAGGCAGGGUCGGGCCUGGUUAGUACUUGGAUGGGAGACCGCCUGGGAAUACCAGGUGCUGUAAGCA,0
1,sample,GGCUCCGGCCCUAUCAGCCUGAAGGCGCCCGAUCUCGUCUGAUCUCGGAAGCUAAGCAGGGUCGGGCCUGGUUAGGAUCUUGGAUGGGAGACCACCUGGGAAUCCCGGGUGCUCGAGGCU,0
1,sample,UUCGGUGGUUAUGGCGAGGGGGAAACACCCGGUCCCAUCCCGAACCCGGUAGUUAAGCCCCUCAGCGCCGAUGGUACUGCAUGGGAGACUGUGUGGGAGAGUAGGACGCCGCCGGAC,0
1,sample,GGUCAAAUCACGCUGAAACACCGGUUCUCGUUCGAUCACCGAAGUUAAACAUCGUAGAGGCAGGUCAGUACUUAGAUGGGGGACCGCUUGGGAACACCUGUAAGCC,0
1,sample,GUCUACAGCCACACUACCCUGAAUGCGCCUGAUCUUGUCUGAUCUUGGAAGCUAAGUAGGGUUGGGCCUGGUUAGUACUUGGAUGGGAGAAAAUAAAGAAACCUAUAAAUACAAAGUAAUAGUAUGUU,0
1,sample,GGGUGUGAUCAUACAAGCUCUAAUGCGCCGGAUUCCAUCAGAACUCCGUAGUUAAGCAUGCUUGGGUGAGAGUAGUACUAGGAUAGGUGACCUCUCGGGAAGUCCUCGUGUUGCACACA,0
1,sample,GGGUGCGAUCAUACCAGCACUAAUGCACCGGAUCCCAUCAGAACUCCGAAGUUAAGCGUGCUUGGGCGAGAGUAGUACUAGGAUGGGUGACCUCCUGGGAAGUCCUCGUGUUGCACCCC,0
1,sample,GGAUGCGAUCAUACCAGCACUAAAGCACCGGAUCCCAUCAGAACUCCGAAGUUAAGCGUGCUUGGGCGAGAGUAGUACUUGGAUGGGUGACCUCCUGGGAAGUCCUCGUGUUGCAUUCC,0
1,sample,UACGGCGGUCAUAGCGACAGGGAAACGCCCGGUCCCAUCCCGAACCCGGAAGCUAAGCCUGUCAGCGCCGAUGAUACUGCCCUACCGGGCGGAAAAGUAGGACACCGCCGAAC,0
1,sample,UUUAGUGGUCAUACCAGCCUGUCAUUGCCCGAUCUCAUUAGCUAAACAGGUCCGGGCCUGGUUAGUAGUCGGAUGGGAGACCACUGAGAAUUCCAGGUGCCACAGUGG,0
1,sample,GCUUACGACCAUAUCACGUUGAAUACACGCCAUCCCGUCCGAUCUGGCAAGUUAAGCAACGUUGAGUCCAGUUAGUACUUGGAUCGGAGACGGCCUGAGAAUCCUGGAUGUUGUAAGCU,0
1,sample,AAUAACGGUCAAAUCACGCUGAAACACCGGUUUUCGUACGAUCACCGAAGUUAAGCAGCGUAGAGCCAGGUCAGUACUUAGAUGGGGGACCGCUUGGGAACACCUGGUACUGUAAGCC,0
1,sample,GUCUAUGGCCAUGCCUCCCUGAUCAAGCCCAAUCCCAUCUAAGCUCGGAAGCUAAGCAGGGUCGGGCCUGGUUACUACUUGGAUGGGAGACCACCUAGGAAGACCAGAUACUAUAGGCA,0
1,sample,UAUUAAAGCCAUAUCACGUUGAAAAAACAGGUUCCCGUAUGAUCACCGAAGUUAAGCAACAUCAAGCCUGGUUACUACCUAGGUCGGCGAACUCUUGGGAAUACCAGGUGAUUUAAGCU,0
1,sample,GCUUACGGCCAUACCACUCUGAGAACGCCCGAUCUCGUCCGAUCUCGUAAGCUGAGCAGGGUCGGGCCUGGUUAGUACUUGGAUGGGAGACCGCCUGGGAAUACCAGGUGCUGUAAGCU,0
1,sample,UCUUACAGCCUAGACUCAAUAUGCCCGGUCUUGGAAACUAAGCAAGGUCAUGCCUGGUUAGUCCUUGGAUGGGAGACUGCCUGGGAAAACCAGGUGCUGUAAGCA,0
1,sample,GCUUACGGCCAUAUCUGCCUGUGUACGCCCGAUCUCGUCUGAUCUCGGAAGCUAAGCAGGGUCGGGCCUGGUUAGUACUUGGAUGGGAGACCGCCUGGGAAUACCAGGUGCUGUAAGCA,0
1,sample,GUCUACAGCCAUACCACCUUGAACAUGCCGGAUCUCAUCUGAUCUCAGAAUCUAAUCAAGGCCAGGCAUGGUUAGUACUUGGAUAGGAGCAAUUACAUGAUACAAUGUACA,0
1,sample,GGAUGCGAUCAUACUAGCACUAAAGCACCGGAUCCCAUCAGAACUCCGAGGUGCAAGCGUGCUUGGGCGAGAGUAGUACUAGGAUGGGUGACCUCCUGGGAAGUCCUCGUGUUGCAUUCA,0
1,sample,GGGUGCGAUCAUACCAGCACUAAUGCACCGGAUCACAUCAGAACUCCGCAGUUAAGCGUGCUUGGGCGAGAGUAGUACUAGGAUGGGUGGCCUCUUUGGAAGUCCUCGUGUUGCACCCC,0
1,sample,GCUUACGGCCAUACCAUCCUGGGUACGCCCGAUCUCGUCUGAUCUCGGAAGCUAAGCAGGGUCGGGCCUGGUUAGUACUUGGAUGGGAGACCGCCUGGGAAUACCAGGUGCUGUAAACA,0
1,sample,GCUUACGAAUAUAUCACUUUGAAACACCGGUUCCCGUACGAUCAACGAAGUUAAGCAACGUCAAGGCUGGUCAGUGCCGAGAUGGGUGACCGCUUGGAAUAUCAGAUGCUGUCAGCU,0
1,sample,GGGUGCGAUCAUACCAGCACUAAUGCACCGGAUCCCAUCAGAACUCCGCAGUUAAGCGUGCUUGGGCGAGAGUAGUACUAGGAUGGGUGACCUCCCGGGAAGUCCUCGUGUUGCACCCC,0
1,sample,GUCUAGGCCACACCAUCCUGAACGCACCCGCUUGCCUCUGAUCUGUUGAAGCUAAGCAGGGUCGGGCCUGGUCAGUACUUGGAUGGGAUUCCGCCUGGUAAUAGCAGGUACCUUGGGCU,0
1,sample,GAUAACAGCUACAUCAUGUUGAAUUACCAGUUCCCAUAUGAUCACCAAAGUUAAGCAAUUUCAAGCCUUGUCAGUACUUAGAUGGGUGACCACUUGGGAAUACCAGGUGCUGUAAUGA,0
1,sample,ACUAAUUAUAUAAUAAUCUUAAAAAAAAAGAGCCAAUGCCCGAUCUCUUAAUCUUAGCAGGUAUUGGCCUGGUUAGUGCUUGGAUGGGAGACCGCCUCGGAAUACCAGGUGCUGUAAGCU,0
1,sample,AGGUGCAAUCAUCCCACCACUAAUGCACCGGAUCCCAUCAGAACCUUGCAGUUAAGCGUGCAUGGGCGAGAGUAGUUCUAGGAUUGGUGACCUUGUGGGAAGUCCUCGUGUUGUACCCC,0
1,sample,GUCCACAGCCAUGCCACCCUGAACAAGCCCAAUGUCUGAUCUCAGAAGCUAAGCAGGGUUGGGCCUGGUUAGUACUUGGAUGGGAGACCACCUAGGAAUACUAGGUUGCUGUAGGCA,0
1,sample,CCUGGCGGCACUAGCGCGGUGGUCCCACCUGACCCCAUGCCGAACUCAGAAGUGAAACGCCGUAGCGCCGAUGGUAGUGUGGGGUCUCCCCAUGCGAGAGUAGGGAACUGCCAGGC,0
1,sample,GGAUGCGAUCAUACCAGCACUAAUGCACCGGAUCCCAUCAGAACUCCGAAGUUAAGCGUGCUUGGGCGAGAGUAGUACUAGGAUUGGUGACCCCCUGGGAAGUCCUCGUGUUGCAUCCC,0
1,sample,ACUUAUGGUCAUAUCACAUUGAAGCCCUGGUUCUCAUAUGAUCAACAAAGUUAAGCAACAUCAAACCUAAUCACUACCUUGAUAGGUGACUGCUUGGGAAUACCAGGUGUUGUAAGCU,0
1,sample,GUCUACGUCCAUGCCCCCCUGAACAAGCCCGAUCUCAUCUGAUCUCGGAAGCUAAGCAGGGUCGGGCCUGGUUAGUACUUGAAUGGGAGACCACCUCAGAAGACUAGGUACCGUAGGCA,0
1,sample,GUCUACGGCCGUGCCACCCUGAACACGCCUAAUCUUAUCUAAUCUUGGAAGCUAAGCAGGGUCUGGCCUGGUUAGUACUUGGAUGGGAGACCACCUAGAAAGACCAGGUGCUGUAGGCG,0
1,sample,UGUAAAGAUCAUACCAUGCUGAAUACGCCGGCUCUCGUCCGAUCGCCGAAGCUAAGCAGCGUUGAGCGAGGUUACUACUUGGAUGGGUGACCGCUUGGAAACACCGCGUGACCUUGGCUU,0
1,sample,GCUUACGGCCAUACCACCCUGAAUGCGCCCGAUCUCGUCUGAUCUCGGAAGCUAAGCAGGGUCAGGCCUGGUUAGUACUUGGAUGGGUGACCGCCUGGGAAUACCAGGUGCUGUAAGCU,0
1,sample,GCCAGCAGCCAUAUCACUCUGCAACUCACAAGUGGAAACCCCCUGAAACUCAGCAGGUGUGAGCCUGGUCAGUUCCUGGAUGGGAGACCUCCUGGGAAAAACUAAGGUUGCUACUGGAA,0
1,sample,ACAUACGACCAUACCCACUGGAGAACUCGGGAUCCCGUCCGCUCUCCCAUAGAUAAGCCAGUGAGGGCUGGAUUAGUAGUUGGGUCGGUGACGACCAGCGAAUACCUGGUGUUGUAUGUU,0
1,sample,GCUUGCAGCCAUGUCACAACUAGUACGAUCACCAAAGUCAAGCAAUGUUGAUCUUGGUCAGUACCUAGAUGGGCAAUUGCUUGGGAUACCAGGUGCUGUACGCU,0
1,sample,AGGUGCGAUCAUACCAGCACUAAUGCAUUGGAUCCCAUCAGAACUCUGUUGUUAAGCGUGUUUGGGCUAGAGUAGUACUAGGAUGGGUGAGCUCUUGGGAAGUCCUCGUUUUGCACCCU,0
1,sample,GGUUGCGAUCAUACCAGCAUUAAUGCACCGGAUCCCAUCAGAACUCCGAAGUUAAGCGUGCUUGGGCGAGAGUAGUACUAGGAUGGGUGACCCCCUGGGAAGUCCUCGUGUUGCAACCC,0
1,sample,GCUUAGAGCUGCAUUGCAUUGAAGCACUAGUUCCUGUACGAUUACUGAAGUCAAGCAAUAUCAAGCCUGGUUUGUACCUAGGUUAGUGACUGCUUGGGAAUACCAGAUGCUGUAAGCU,0
1,sample,GUCUAAGGCCAUACUACUCUGAACGUGCCCGAUAUUGUCAGAUCUCAGAAGCAAAGCAGGGUCAGGCCUGGUUGUUAGUACUUGGAUGGGAGACUGCCUGGGAAAACCGGGUGCCGUAGGCU,0
1,sample,GUCUACGGCCAUGCCACCCUGAACAAGCCCGAUCCCGUCUGAUCUUGGAAGCAAAAAAUGGUCAGGCCUGGUUAGUACUUGGAUGGGAGACCACCUAGGAAGACCAGGUGCUUUAGGCA,0
1,sample,AUUUGAGGCCAUACCGACUUUGCUCUGCCUGAUCCCGUCAGAUCUUGGAAGCUAAGCAGGAAGGGCCUGGUCAGUACUUGGAUGGGAGACCGUUUGGUAACACCAGGAAGCCUGGCGGC,0
1,sample,GGAUGCGAUCAUACCAGCACUAAAGCACCGGAUCCCAUCAGAACUCCGAAGUUAAGCGUGCUUGGGCGAGAGUAGUACUAGGAUGGGUGACCUCCUGGGAAGUCCUCGUGUUGCAUCCC,0
1,sample,UGCUCAGGCCCUAUCAGCCUGAAGGCGCCCGAUCUCGCCUGAUCUCGAAGCUAAGCAGGGUCGGGCCUGGUUAGGAUCUUGGAUGGGAGACCACCUGGGAAUCCCGGUGCUCGAGGCU,0
1,sample,GGGUGCGAUCAUACCAGCACUAAUGCACCGGAUCCCAUCAGAACUCCGCAGUUAAGCGUGCUUGGGCGAGAGUAGUACUAGGAUGGGUGACCUCCUGGGAAGUCCUCGUGUUGCACCCU,0
1,sample,CUCCAAAGCCCUGAAAACCACCCUAGGUGCACCUGAUCUUGUCUGAUCUCAGAAGCUAAGCAGGGUCAGGCCUGGUCAGUACUUGGAUGGGAGACCAUUUGGGAAGACGUGUGCUUUAGGGG,0
1,sample,ACAUACGACCAUAGACAACUGAAAAUACGGGAUCCCGUCCGCUCUCCCCUAGUCAAACAGUUGAUCGGCAGAUUAGUACUCAGGUGGGUGACCACUGGGGAAUCCCUGCUGUUGUAUGUU,0
1,sample,UCUUGUGGCCAUACCGCCUUUGCUAUGCCCGAUCCCGUCAGACCUUGGAAGGAGGGAAGGGCCUGGUACUUGGAUGGGAGACCGUUUGGGAACACUAGGAAGCCUGGGU,0
1,sample,GGGUGCGAUCAUACCAGCACUAAUGUACCGGAUCCCAUCAGAACUCCGAAGUUAAGCGCUUGAGCGAGAAUAGUUCUAAGAUGGGUAUGUCCUAUGACUUUCAUAGACACAGGCU,0
1,sample,GCCAGCAGCCAUAUCACCCUGCAACUCACAAUUAGCAGCCCACUGAAGCUAAGCAGGUGUUACCCUGGCUAGUACCUGGAUGGGAGACCUCCUGGGAAAAACUAAGGUUGCUGCUGGAA,0
1,sample,GGAUGCGAUCAUACCAGCACUAAAGCACCGGAUCCCAUCAGAACUCCGAAGUUAAGCGUGCUUGGGCGAGAGUAGUACUAGGAUGGGUGACCUCCUCGGAAGUCCUCGUGUUGCAUUUC,0
1,sample,ACUUACGGCCAUAUGAUAUUGAAUUACUGAUUUUUGUACGAUCACCUAUGUUAAGCAACUUUGAGUCUGGUCAGUACCUAGAUGGGUGACCGCUUGGAAGACCAGGUACUGAAAGUU,0
1,sample,CUUGGUGGCCAUAGCGUCUGUGACCCACCCGAUCCCAUCUCGAACUCGGCCGUGAAACCGGACAGCGCCGAUGGUACUAACGCUCAAGCGUUGGAAGAGUAGGUCGUCGCCAGGC,0
1,sample,GCUUACGGCCAUUACCCACCUGAGCGCGCCCGAUUCUCGUCUGAUCUCGGAAGCUAGCAGGGUCGGGCCUGGUUAGUACUUGGAUGGGAGACCGCCUGGGAAUACCAGGUGCUGUAAGCU,0
1,sample,UCUAGCUAUGCCACCCUGGCGUCUGACCUUGAAAGCUAAGCAGGGUUGGGCCUGCUCAGUACUUGGAUGGGGGACUACCUGGGAAUAUUAGGUGCUUCUAGGU,0
1,sample,GCUUACAGCCAUAUCAGGUUGAAACACCAGUUCUCAUACAAACAAUGUGGUUAAGCAUUCAGUCACCCAUUUAGGAUCAGUACCUAGAUGGGUGAUUGCUUGCGAUUACCAGGUGCUGUAGGCU,0
1,sample,AGGUUCGACCAUUCCAGCACUAAUGCACCGGAUCCCAUCACAACUCCGCAACUAAGCAUGCUUGGGCCGAAGUAGGACUAGGAUGGGUGACCUCCUGAGAAGUCCUCGUAUUGCACCCC,0
1,sample,GCUGGUGUCCAUGGAGGAGGGGGUACACCCGAUCCCAUUCCGAACUCGGAAGUUAAGCCCUCCAUCGCCGAUGAUACUGCGUACUCUUGCGUGGGAAAGUAGGCCGAUGCCAGCA,0
1,sample,GCUUAUGACUAUAUCACAUUGAUACACUGGUUCUCAUAUGAUCACCAAAGUUAAGCAACAUUGAGCCUGGUCAGUACCUAGAUUAGUGACUGCUUGGGAAUACCAGAUGGUGUAAGCU,0
1,sample,GGGUGCGAUCAUACCAGCACUAAUGCACCGGAUCCCAUCAGAACUCCGAAGUUAAGCGUGCUUGGGCGAGAGUAGUACUAGGAUGGGUGACCCCCUUGGAAGUCCUCGUAUUGCACCCC,0
1,sample,GCUUACAGCUAUAUCAUGUUGAAACACUGGUUGCCGUAUGAUUACCAAAGUUAAGUAACAUCGAGCCUGGUCAGUACCUAGAUGGGUGAUCGCUUAGUAAUAUCAGGUGCUGUAAGUU,0
1,sample,UGGUACGAUCAUACCUUGGCUACUACGCCGGAUCCCAUCAGAACUCCGCAGUAAGCGCCAGUGGGCGAGAGCAGUACUGGGCAGGGUGACCUCCCGGGAAGUCCUCGUGUCGUACCCA,0
1,sample,GUUUACAGCCAUACCACCCUGAACAUGCCCAAUCUCAUCUGAUCUCGGAAGCUAAGCAGGGUCGGGCCUGGUUAGAACUUGGAUAGGAGUAAGAGUAGUUGGGAGAGAAGUAGUAGUCAUGU,0
1,sample,GGGUGCGAUCAUACCAGCACUAAUGCACCGGAUCCCAUCAGAACUCCGCAGUUAAGCGUGCUUGGGCGAGAGUAGUACUAGGAUGGGUGACCUCCUGGGAAGUCCUCGUGUUGCACCCC,0
1,sample,GGGUGCGAUCAUACCAGCACUAAUGCACCUGAUCCCAUCAGAACUCCGCAGUUAAGCGUGCUUUGGCGAGAGUAGUACUAGGAUGGGUGACCUCCUGGGAAGUCCUCGUGUUGCACCCC,0
1,sample,GGAUGCGAUCAUACCAGCACAAAAGCACCGGAUCCCAUCAGAACUCCAAAGUUAAGCGUGCUUGGGCGAGAGUAGUACUAGGAUGGGUGACCUCCUGGGAAGUCCUCGUGUUGCAUUCC,0
1,sample,GUCUACAGCCAUGCCACCCUAAACAAGCCUGAUCCCAUCUGAUCUUGGAAGCUAAGCAGGAUUGGGCCUGGUUAGUACUCAGAUGGGAGACCACAUAGGAAAAGCAGGUACUUUAGGUG,0
1,sample,ACAUACGACCAUAGGCAGUUGAAUACACGGGAUCCCGUCCGCUCUCCCCUAGUUAAGCAAUUGACCGCCAGACCAGUACUCAGGUGGGUGACCACUGGGGAAUCCCUGGUGUUGUAUGUU,0
1,sample,GCUUGUGGCUAUAUCAUGGUGAAACACUAAUUCUCCUAUGAUCACUGAAGUUAAGCAAUGUCAAGACUGCUUAGUACCGAGAGGGAUGAUCACUUGGGAAUACUUAUGCCCUGGAAC,0
1,sample,GGAUGCGAUCAUACCAGCACUAAAGCACCGGAUCCCAUUAGAACUCCGAAGUUAAGCGUGCUUGGGCGAGAGUAGUACUAGGAUGGGUGACCUCCUGGGAAGUCCUCGUGUUGCAUCCC,0
1,sample,ACCGUGGAUUAGCACGUUGAGUACACCAGUUCCCAAUGAAUCACUGAAGUUAAGAAGUGUUGCGCGUGGUUAGUGUCCGGAUGGGUGACCAUCUGGGAAAUUGAUUGCUUUUCCCAGUC,0
1,sample,GUCUACGGCCAUAUCACGCUGAAAGCACCGGUUCUCGUUCGAUCACCGAAGUUAAGCAGCGUCGAGCCGGGUUAGUACUUGGGAGGGAGACCACCUGGGAAUACCCGGUGUCGUAGACU,0
1,sample,AGAUGCGAUCAUACCAGCAGUAAAGCACCGGAUCCCAUCAGAACUCCGAAGUUAAGCUUGCUUGGGCGAGAGUAGUACUAGGAUGGGUGACCUCUUGGGAAGUCCUCGUGUUGCAUUCC,0
1,sample,GAGGUUUUUGGGAACUCAUUGGCUUCGGAUUCCAUAGGAACUCCGAAGUUAAGCGAGUUUGCGCUAGAGCAAUCCCAUGAUGGGUGACCCAUUGGGAAGUUCUCGUGUGAUUUCC,0
1,sample,GCUUACAUCCAUAUCAUAUUGAAGACCAAUCAUGGAAUUUAAGUAACAUUGAGCCUGAUCAGUAUGAUUACCUAGAUGGGUGACUACUUGGAAAUACCAGGUGCUGUAAGCU,0
1,sample,AGGUGCGAUCAUACCAGCACAAUGCACCGAUCCCAUCAGAAUCUCCGCAGUUAGCGUGCUUGGCGAGAGUAGAACUAGGAUGGUGACCUCUGGGAAGUCCUCGUGUUGCACCCU,0
1,sample,GGGUGCGAUCAUACCAGUACUGAUACACCGAAUCCCAUCAGAACUACGCAGUGAAGUGUGCUAGGGCGAGAGUAGCACUAAGAUAGGUGACCCCCUGGUAAGUCCUCGUGUUGCACACA,0
1,sample,UUCGGUGGUCAUAGCGUUAGGGAAACGCCCGGUUACAUUCCGAACCCGGAAGCUAAGCCUUUCAGCGCCGAUGGUACUGCAGGGGGGACCCUGUGGGAGAGUAGGACGCCGCCGAAC,0
1,sample,GAGUCCGUACAUACCACCACUAAUGCAUCAGAUCCCAUUAGAACUCCGAAGAUGAACGUGCUUGCACGAGAGUAGUACUAGAAAGUUCUCGUGUUGCACUGC,0
1,sample,AACCACUGCAAUGUCACCUUUAAUGCACCACUUUCAAUGGAUCACUGACGUUAAGCAAGGUUGCGCGAGGUUGGUAUUCGAAUGGUUUAUCAUCUGGGCAAUCGUUUACUGGUGGUUU,0
1,sample,GCCCUUGGCCACACUAGCCUAAGUGCACAUGAUCCCCUCUGACAUUGGAAGCUAAGCAGGUUCAGGUCUGGUCAGUACUUGGAUGGGAGACCAACUGGGAAUACCAGGUGUCAUAGACC,0
1,sample,GGGUGCGAUCCUACCAGCACUAAUGCACCGGAUCCCAUCAGAACUCCGCAGUUAAGCGUGCUUGGGCGAGAGUAGUACUAGGAUGGGUGACCUCCUGGGAAGUCCUCGUGUUGCACCCC,0
1,sample,AUCUACUGCCAAACCAGCCUAGAAGGGCCCGAUCUCGCCGCGAUCGCGGAAGCUAAGCAGGGUCGGGCCUGGUUAGAACUUGGAUGGGAGACCUCUAGGGAAGACCGGGUGCUCUAGGCU,0
1,sample,GUUUAUGGACACAUGUUGAAGCACUGCUUCCUAUAUGAUCACUGAAGUUAAGCAACAUCAAGCCUGGUCAAUACCUUGAUAGUUGACCACUUGUCAAUAUCAGGUACUGUAAGCU,0
1,sample,ACAUACGACCAUAGGAUCGAGAAAAUUGAGGGUCCCGUCCGCUCCCCUGUACACAAGCUCGAUACCGCCGGAUCAGUAGUUGGGUCGGUGACGACCAGCGAAUCCCCGGUGUUGUAUGUU,0
1,sample,CAACGCGUUUUAAAGCCGUGAGGGCAGCAGAUCCCAUAAGAACUCUGCAGUUAAGCGUGCUCGGUCGGGAGUAGUACCAGGAUGGGUGACCCCCUGGGAAGUCCUCGUGCCGAGUGGC,0
1,sample,AUCUACAGUCAUGCUACCCUGAACAAGCCCGAUCCCAUCUGAUCUCAGAAGCUAAGCAGGGUUGGGCCUGGUUAGUACUUGGACGAAAGACUACCCAGGAAGACCAGGUAGUGUAGGUA,0
1,sample,GGGUGCAAUAAUACCAACACUAAUACACUGGAUCCAAUCAAAACUCUGAAGUUAACUGUGCUUGGGCGAGAGUAGUGCUAGGGUGGGCCACCCCUUGAGAAGUCCACAUCUUGAACCCA,0
1,sample,GGAUGCGAUCAUACAAGCACUAAUGCACCGGAUCCAUCAGAACUCCGAAGUUAAGCGUGCUUGGGCGAGAGUAGUACUAGGAUGGGUGACCCCUGGGAAGUCCUCGUGUUGCAUCCC,0
1,sample,CCUGGUGGUCAUAGCGGGGGAGCCACGCCCGGCCCCAUACCGAACCCGGAAGCUAAGACCCCCAGCGCCGAUGGUACUGCACCCGCCAGGGUACGGAAGAGCAGGACACCACCAGGA,0
1,sample,GCUUUCAGUCAAAUCAUACUGAAAACACCAGUUCUCUUUCAUUCACCAAAGUUAAGCAGUGUCAAGCCUGAUUAGAACUUAGAUGGGGGACUGCUUAGAAAUACCAGCUGCUUUAACAC,0
1,sample,GUCGGUGACGAUGACGGUGAGGUUCCACCUGUUCCCAUUCCGAACACAGCAGUUAAGCUCACUCGUGCCCAAGAUAGUUAGCUGGAAACGGCUUGUGAAAAUAGGUAGUCGCCGACU,0
1,sample,GCCUACAGCCUGGCCACCUUGAGUAGGCUCGCUCUUACUAUCGGACGCUAAGCAGGGUCUGGUCUGGCUAGUACCUGGAUGGGAGACUACCAGAAAAUACUAGGUGCUGUAGGCU,0
1,sample,GCUUUUCUUGCUACCCUGGAAGAAGCCCAAUCUCAUCUGAUCUCAGAAGCUAAGCAGGGCGGCACCUGGUUAGUACUUAGAUGGGAGACCAUCUAGGAAGACCAGGUGCUGUAGGCG,0
1,sample,GGGUGCAAUCAUACCAACAUUGAAGCACUGGAUCCCAUUAGAACUUUGAAGUCAAGCUUGCUCAGGCUAGAGUAGUACUAGGAUGGGUGACCCCUUGGGAAGUCCUCUUGUUGCACCCC,0
1,sample,GGGCGCGAUCAUACCAGCACUAAUGCACCGGAUCCCAUCAGAACUCUGCAGUUAGGCGUGCUUGGGCGAGAGUAGUACUAGGAUGGGUGACCUCCUGGGAAGUCCUCGUGUUGCACCCC,0
1,sample,GCCAGCAGCCAUAUCACUCUGCAACUCACAACUGGCAACCCACUGAAGCUAAGCAGGUGUGAGCCUGAUCUGUUCCUGGAUGGGAGACCUCCUGGGAAAAACUAAGGUUGCUGCUGGAA,0
1,sample,GCUUACGGCCAUAUCAGCCUGGGUACGCCCGAUCUCGUCUGAUCUCGGAAGCUAAGCAGGGUCGGGCCUGGUUAGUACUUGGAUGGGAGACUGCCUGGGAAUACCAGGUGCUGUAAGCA,0
1,sample,GAAGUUAAGCAACAUUGGGCAUGGUCAGUACUUGGAUGGGUGACCGCUUGGGAACACCAUGUACCGUUGGCA,0
1,sample,UCAUGUUGAAAGACCAGUUCCCGUACGAUCAUCGAAGUUAAGCAACGUUGAGCCUGAUCAGUACCUAGAUGGGUGACCGCUUGGGAAUACCAGGU,0
1,sample,UCUGGUGUCCUAGGCGUAGAGGAACCACACCAAUCCAUCCCGAAUUUGGUGGUUAAACUCUACUGCGGUGACGAUACUGUAGGGGAGGUCCUGCGGCAAAAUAGCUCGAUGCCAGAA,0
1,sample,UCUGGUGGCUUUAGCACGAGCAAAACACCCGAUCCCAUCCCGAACUCGGCCGUUAAGUGCCGUAGCGCCAAUGGUACUGCGUCUCAAGACGUGGGAGAGUAGGUCACCGCCAGAC,0
1,sample,GGAUGCGAUCAUACCAACUCACAUGCACCGGAUCCCAUCAGAACUCCGAAGUUAAGCGAGUUUGGGCGAGAGUAGUACUAGGAUGGGUGACCUCCUGGGAAGUCCUCGUGUUGCAUCCC,0
1,sample,AUCCACGGCCAUAGGACUUUGAAAGCACCGCAUCCCGUCCGAUCUGCGCAGUUAACCAGAGUGCCGCUCAGUUAGUACCACGGUGGGGGACCACGCGGGAAUCCUGGGUGCUGUGGUUU,0
1,sample,UUAAAGGGGCAAGCUACGUCGAAACACCGGUUCCCAUUAGAACACCGAAGUUGAGCGACGUAAGGCGAUACUAGUGGAUGGACGGAUGACCGGUUCGAAACUCUGUAUCGUGCUGU,0
1,sample,UCUAGUGACAAUAGCGAGGAGGAUACACCGGUUCCCAUUCCGAACACCGCAGUUAAGCUCCUCAGCGCCGAUGGUACUUGGGGUUACCCCCUGGGAGAGUAGGUCGUCGCUAGGU,0
1,sample,GUCUACGGCCACACUACCCUGAACAAGCCCGAUCCUGUCUGAUCUCGGAAGCUAAGCAGGGUCAGGCCUGGUUAGUACUUGGAUGGGAGACCACCUAGGAAGACCAGGUGCUGUAGGCG,0
1,sample,GCUUAUGGCCAUACCACCCUGAACACGCCCGCUCUCGUUUGAUCUCGGAAGCAUAGAAGGGGCAGGGCCUGGUCAGUACCUGGAUGGAAGACCGCCUGGGAAUACCAGGCGCUGUAAGCU,0
1,sample,UACGGCGGUUAUGGCGAAGGGGAAACACCCGGUUACAUUCCGAACCCGGAAGUUAAGCUCUUCAGCGCCGAUGGUACUGCACCGGGGACGGUGUGGGAGAGUAGGUCGCCGCCGGAC,0
1,sample,GGGUGCGAUCAUCCCAGCAUUAAUGCACUGGAUCCCAUCAGAACUGCGCAGUUAAGCGUGCUUGGGCGAGAGUAGUACUAGGAUGGGUGACCCCCGGGGAAGUCCUCGUGUUGCACCCC,0
1,sample,GCUUACGGCCAUACCAGCCCAAGAACGCCCGGUCUCGUCUGAUCUCGGAAGCUAAGAAGGCUUGGGCCUGGUUAGUACUUGGAUGGGAGACCUCCUGGGAAUACCAGGUGCUGUAAGCU,0
1,sample,UCUGGUGGCGAUAGCGAAGAGGUCACACCCGUUCCCAUGCCGAACACGGUCGUUAAGCUCUUCUGCGCCGAUGGUAGUUGGGGGCUUCCCCUGUGAGAGUAGGACGUUGCCAGGC,0
1,sample,ACAAUGCGUUUUAAAUCCGUGAGGUCAGCAGAUCCCAUUAGAACUCUGCAGUUAAGCGUGCUCGGGCGGGAGUAGUACCAGGAUGGGUGACCCCCUGGGAAGUCCUCGUGCCAAGUGGC,0
1,sample,GCUUACGGCCACACCGCUCUCUAAGCGCCCGAUCUCGUCCGAUCUCGGCAGCCAAAUAGAGCCGGGCCUGGUUAGUACUUGGUAGGAAGACCGCCUGGGAAUACCAGGUGCUGUAAGCU,0
1,sample,GCCUACAGCCACACCACCCUGAAUGUACCUGAUCUUAUCUGAUCGCAGAAGCUAAGCAGGGUCAGGCCUGGCCAGUACUUGGAUGGGAGAACUAUUUAGAGCCACUGGGCAGGUC,0
1,sample,GUCUACGGCCAUACCACCCUAAACACGCCCAAUCUCAUCUGAUUUUGGAAGCUAAGCAGGGUCGGGCCUGGUUAGUACUUGGACGGGAGAGAGGUCUUCCAUCCUCUGAUU,0
1,sample,GCCAACGGCCAUACCAUGCUGAAAACACCGGUUCUCGUCCGAUCACCGAAGUUAAGCAACAUCGGGCGUGGUCAGUACUUGGGAGGGUGACCACCUGGGAACACCACGUGUCGUUGGCA,0
1,sample,GUCUAUGGCCAUGCCACCCUGAACAAGCUCAAUCCUGUCUGAUCUCUGAAGCUAAGCAGGGUCAGGCCUGGUUAGUACUUGGAUGGGAGACCACCUAGGAAGACCAGGUGCUGUAGGCG,0
1,sample,UUAUAAAAUAAAAAUACUUUGAACAAGCCUGAUCCCGUUUGAUCUUGGAAGCAAGCAGGGUCAGGCCUGAUUAGUACUUGGAUGGGAGACCACCUAGGAAGACCAGGUGCUGUAGGCG,0
1,sample,GGUUAAGGCCAUAAGACGUUGAAACAUUGGUUUCCUUACGACCGACAAAGUUAAGUAACGUCGAGCCUGGUCAUUACCCAGAUGAAUGACCACACAGGAAUAUCUGGUGCUGUAAGCU,0
1,sample,ACUUACGAACAUAUCACGUUGAACGAACACCAAAGUUAAGCAACGUCGGGCCUGAUCAGUAGCUUGAUGGUUGACCCUUUGAGAAAACCAGGUGCUUGAAUGUG,0
1,sample,GUCUACGGCCAUACCACCCUGAACGCGCCCGAUCUCGUCUGAUCUCGGAAGCUAAGCAGGGUCGGGCCUGGUUAGUACUUGGAUAGGAGAAGAGGGCCUGAGGCA,0
1,sample,ACCAACAGUCAUAUCACGCUGCAAUAUACCAGUUCUCGUCCGAUCACUGAAGUCAAUCAGCGUUGGGCAUAGUUAGUACUUUGAUGGGUGACCACUUGGGAACACUGUGUACCGUUGGUC,0
1,sample,GUCUACAGCCAUACCACCCUGAAUGUGCCUGAUCUUGUCUGAUCUCAGAAGCUAAGCAGGGUUGGGCCUGGUUAGUAAUUGGAUGGGAGAAAUAUAUGCGUAAUAGGCA,0
1,sample,ACUUACGGCCAUACCAGCCUGUGUACGCCCGAUCUCGUCUGAUCUCGGAAGCUAAGCAGGGUCGGGCCUGGUUAGUACUUGGAUGGGAGACUGCCUGGGAAUACCAGGUGCUGUAAGCA,0
1,sample,AACUACAGCCAUGCCACGCUGAACAAGUCCGAUCCUGUCUAAUCUUGGAAGCUAAGCAGGGUUUGGAACUGGUUAGUACUUGGAUGGGAGACCAUCUAGGAAGACCAGAUGCUGUAGGUG,0
1,sample,ACGUACGGCCAUAGACAUUGGAAAAUACGGGAUCCCGUCCGCUCUCCCCUAGUCAAACCAGUGAUCCGGAUUAGUAGUUGGGUCGGUGACGACCAGCGAAUCCCCGCUGCUGUACGUU,0
1,sample,GUGUACGGACAAACCAGCUGAAGAAUGCUCAAUCUUGUCUGAUCUCAGAAGCUAAGAAGGCUUGGGCCUGUUUAGUACUUGGAUGGGAGACUACCUGGGAAUACCACGUAUAGUAUUAA,0
1,sample,UGGUGCUAGCAUACCAACACUAACGCACCGGAUCCCAUUAGACCUUCGCAGUUAAGCUUACCUGGGGGAGAGUAGUAUUAGGAUGGAUGACCUCCUGGGAAGUCCCUGUGUUACACCUA,0
1,sample,GUCUACGGCCAUACCAUCCUGAAAGCACACGAUCCCGUCAGAUCUCGAAUGCAAUCAAGGGUAGGACUUGAUCAGUACCAGUGUGGGUGACUGACUAGGAAUAGCAAGUGCUGUAGUCG,0
1,sample,GCUUACGGCCAUACCAACCUGGCUAUGCCCGAUCUCGUCUGCUCUCGGAAGCUAAGCAGGUUUGGGCCUGGUUAGUACUUGGAUGGGAGACCGCCUGGGAAUACCAGGUUCUGUAAGCU,0
1,sample,GCAACGACCAUAUCAUAUUGAAACAACGGUUCUCGUGCGAUAACCGAAGUUAAGCAGCGUCAUUCUUGGUCAGUACCUAGACGGGUAACCGCUUGGGAAUACGACGUGCUGUAAGCU,0
1,sample,GCUUACGGCCAUACCACCCUGGAAAUGCCCGAUCUCAUCUGAACUCGGAAGUAAAGCAGGGUCGGGCCUGGUUAGUACUUGGAUGGGAGACCGCCUGGGAAUACCAGGUGCUGUAAGCU,0
1,sample,GGGUGCGAUCAUACCAGCACUAAUGCACCGGAUCCCAUCAGAACUCCGAAGUUAAGCGUGCUUGGGCGAGAGUAGUACUAGGAUGGGUGACCCCCUGGGAAGUCCUCGUGUUGCACCCC,0
1,sample,CUAAGCAGGGUCCGGCCUGGUUAGUACUUGGAUGGGAGACCACCUGGGAAUACAAGGUGCUGUAAGCU,0
1,sample,GGGUGCGAUCAUACCAGCACUAAUGCACCGGAUCCCAUCAGAACUCCGCAGUUAAGCGUGCUUGGGCGAGAGUAGUACUAGGAUGGGUGACCCCCUGGGAGUCCUCGUGUUGCACCCC,0
1,sample,UCCAGCAGCCAAAUCACCCUGCAACUCACAACUGGCAACCCACUGAAACUAAGCAGGUGUGAGUCUGGACAGUACCUGGAUGGGAGACCUCCUGGGAAAAACUAAGGUUGCUGCUGGAA,0
1,sample,ACAUACGACCAUAGGGAGUGGAAAACAGGGCUUCCCGUCCGCUCAGCCAUACUUAAGCCACUCGCCGGCCGGUUAGUAGUUGGGUGGGUGACCACCAGCGAAUCCCGGCUGUCGUAUGUC,0
1,sample,UCUGGUGAUGACGGCGGAGGGGUUCCACGCGUACCCAUCCCGAACACGACCGUUAAGCCCUCCAGCGCCAAUGGUACUUGGACCGCAGGGUCCUGGGAGAGUAGGACGUCGCCAGGC,0
1,sample,CAAUGCAGCCAUAUCACCUUGCAGCCCAAGAUUGGUUACCCACUGAAGCUAAGCAGGGUUGAGCCUGGUCAGUACCUGGAUGGGAGACCUCCUGGGAAAACUAGGUUGCUGCUGGAA,0
1,sample,GUUUACGGCCAUAUAGCGUUGAAACACCAGUUCCCAUACGGCCACCAAAGUUAAGCAACGUCGAGCUUGGUUAGUAUCUAGAUGGGUGACCGUUUGGGAAUACCAACUACUGUAAGCU,0
1,sample,AAAGGUAGUUAAAUGCCACCCUGAUACCUGAUCCCAUCUGAUCUCGGAAGCUCAGCAGGGUCAGCCCCAGUUAGUACUUGGAUGGGAGACCUCCUGGGAAUACCGGGGGCUGUAGGUU,0
1,sample,GGAUGCGAUCAUACCAGCACUAAAGCACCGAAUCCCAUCAGAACUCCGAAGUUAAGCGUGCUUGGUGAGAGUAGUACUAGGAUGGGUGACCUCCUGGGAAGUCCUCGUGUUGCAUUCC,0
1,sample,GUCUACAGCCAUGCCACCCUGAAUAAGCCCAAUCCCAUCUAAUCUUGGGAGCUAAGCAGGGUUGGACCUGUUUAGUACUUGGAUGGGAGACCAACUAGGAAGCCCAGGUGCAGUAGGCA,0
1,sample,GCUUACAGCCAUAUCAUGUUGAAACUUUGGUUCCUGUAUGAUCACCAAAGUUAAGCAAUGUCAAGCUUGGUUUGUACCUAGAUGGGUGACCACUUUGGAAUAUCCAGUGCCAUAAGCU,0
1,sample,GCCAGCAGCCAUAUCACCCUGCAACUCACCACUGGCAGCCCACUGAAGCUCAGCAGGUGUGAGCCUGGCCAGUAUCUGGAUGGGAGACCUCUUGGGAAAAACUGAGGUUGCUGCUGGAA,0
1,sample,GUCUACGACCAUACCAUGCUGAACAUACCGGUUCUCGUCCGAUCACCGAAGUCAAGAAACAUAGGGCCUGGUCAGUAAUUGGAUGGGAGACCGCCUUUGAAUACCGGGUGUUGUAGGCA,0
1,sample,CAACGCGUUUUAAAGCCGUGAGGGCAGCAGAUCCUAUAAGAACUCUGCAGUUAAGCGUGCUCGGACGGGAGUAGUACCAGGAUGGGUGACCCCCUGGGAAGUCCUCGUGCUGAGUGGC,0
1,sample,GCUUAUGGCCAACUCAAUUUGAAACACCGGUUCCUGUACAAUUACCAAAGAUAAGCAAUAUUGAGUCUGGGCAGUAUCUAGAAAUGUGACUGCUUGGGAAUACCAAGUGCUGUAAGCU,0
1,sample,GAUUACGGCCAUACCACACUGACAACGCCCGAUCUCGUCUGAUCUCGGAAGCUAAGCAGAGUUGGGCUGGGUCAGUACUUGGAUGGGUGACCGCCUGGGAAUACCCGGUGCUGUAAGCA,0
1,sample,GGAUGCGAUCAUACCAGCACUAAAGCACCGGAUCCCAUCAGAACUCCGAAGUUAAGUGUGCUUGGGUGAGAGUAGUACUAGGAUGGGUGACCUCCUGGGAAGUCCUCGUGUUGCAUUCC,0
1,sample,GCCAGCAGCCAUGUCACCCUGCAACUUACAAUUGGCAACCCACUGAAGCUAAGCAGGUGUGAGCCUGGUCAGUCCCUGGAUGGGAGACCUCCUGGGAAAAACUAAGGUUGCUGCUGGAA,0
1,sample,AUUUAUGGCCCUAUCACAUUGGAACACCGGUUCUUGUUCGAUCUCCAAAGUUAAGCAACGUUGAGCCUGGUCAGUACCUAGAUUGUAAGCUUGGAUGUGCGUGUGGUGUAAUGG,0
1,sample,CAAUGCGUUUUAAAGCCGUGAGGGCAGCAGAUCCCAUAAGAACUCUGCAGUUAAGCGUGCUCGGGCGGGAGUAGUACCGGGAUGGGUGACCCCAUGGGAAGUCCUCGUGCCGAGUGGC,0
1,sample,GGCCACAGCCAUAUCACCCUGCAGCCCAAGACCGGUUACUCACUGAAACUAAGCAGGGCUGAGCCUGGUCAGUACCUGGAUGGGAGACCACUAGGGAACACUAGGUUGCUGUUGGAA,0
1,sample,GUCUACGGCCAUACCACUGAGAAAGCACCGGUUCUCGUCCGAUCACCGUAGUUAAGCUCAGUAGGGCACGGUUAGUACUUGGAUGGGUGACCGCCUGGGAAUACCGUGUGCUGUAGGCA,0
1,sample,CAGUGCGAUCAUACCAGCACUUAUGCACGGAUCCCAUCAGAACUCCGCAGCUAAGCGUGCUUGGGCGAGAGUAGUACUAGGAUGGGUGACCUCUCGGGAAGUCCUCGUGUUGCACCCC,0
1,sample,CAACGCGUUUUAAAGCCGUGAGGGCAGCAGAUCCCAUAAGAACUCUGUAGUUAAGCGUGAUCGGGCGGGAGUAGUACCAGGAUGGGUGACCCCAUGGGAAGUCCUCGUGCCGAGUGGC,0
1,sample,GUCUAUGGCCAUACCACCCUGAACAUGCCUGAUCUCGUCUGAUCUCGGAAACUAAGCAGGGUCGGGCCUGGUUAGUACUUGGAUGGGAGAAUUAAGCACUCUCUCUU,0
1,sample,GUCUACGGCCAUGUCACCCUGAAUGUGCCUGAUCUCGGCUGAUCUUGGAAACUAAGCAGGGUUGGUCUUGGUUAGUACUUGGAUGGGAGACCACUGAGGAAGACCUGGUGCUGUAGGCA,0
1,sample,UACUACGGUCAUGCCACCCUGAACGAGCCCUAUCCCAUCUGAUUUUGGAAGCAAAGCAGGGUCGGGCCAGUUUAGUACUUGGAUGGGAGACCACCUAGGAAGACCAGGUGCUGUAGGUG,0
1,sample,GGGCACGAUCAUACCAGCGCUAAUGCACCGGAUCCCAUCAGAACUCCGCAGUUAAGUGUGCUUGGGCGAGGUUAGUACUAGGUUGGGAGACCUCCAGGGAAGUCCUCGUGUUGCACCCC,0
1,sample,CAACGCGUUUUAAAGCCGUGAGGGCAGCAGAUCCCAUAAGAACUCUACAGUUAAGCGUGCUCGGGCGAGAGUAGUACCAGGAUGGGUGACCCCUGGGAGUCCUCGUGCCGAGUGGC,0
1,sample,GCCUAUGGCCACAUCACCCUGAAAGUGCCCGAUCUCUUCGGAUUUUGGAGGCUAAGCAGGGUCAGGCCUGAUUAAUGUCUGGAUGGGAGACUGCCUGGUAAUACCAGGUGCUGUAGGCU,0
1,sample,UAAAGCUGUCUAGAUGCCCUAAGCACAUCAGAUCUCACAUGAUUUCUGAAGCUAAGCAGGGCUGGCCCUGGUUAGUACUUGGAUGGGACACCACCAGGGAAUACCAGGUGCUGUAG,0
1,sample,UCACGUGUUUUAAAGUCGUGAGGGCAGCAAAUCCCAUAAGAACUCUGCAGUUAAGCGUGCUCGGGUGGGAGUAGUAUCAGGAUGGGUGACCCCUUAGGAAGUCCUCGUGUCGAGUGGC,0
1,sample,GUCUGUAGCUAUACCACCUUGGGCUUUGAUCUUGUCAGAUCUCAUAAACUAAGCAAGAUUGGGCCUGCUGUGUAAUUGGGAUGGAAGACCUCCAAGGAAAACCCAGCUGUUGUAGGAA,0
1,sample,GGCCACAGCCAUGCCACCCUAAACAAGCCCGAUGUCUGAUCUCGGAAGCUAAGCAGGGUCAGGCCUGGUUAGUACUUGGAAGGGAGACCACCUAGGAAAACUAGGUGCUGUCGGCA,0
1,sample,GGAUGCGAUUCAUACCAAGCACUAAAGCACCGGAUCCCAUCAGAACUACUCGAAGUUAAGCGUGCUUGGGGGAGAGUAGUACUAGGAUGGGUGACCUCCUAGGGAAGUCCUCGUGUUGCAUCCC,0
1,sample,GUCAACGAUCAUACCAUGUUGAAAACACCGGUUCUCGUCCGAUCACCGAAGUUAAGCAACAUCGGGCGCGAUUAGUACUUAGAUGGGUGACCGCUUGGGAACGUCGCGUGUCGUUGGCA,0
1,sample,GUCUAUGGCCAUGCCACCCGGAACAUGCCUGAUCUCAUUUGACCUCAAAAGCUAAGCAGAGUCAAGUCCGGUUAGUACUUGGAUGAGAGUACUAACCUAGGAAUACCAGGUGCUGUAGGCA,0
1,sample,GGAUGCGAUCAUACCAGCACUAAAGCACCGGAUCCCAUCAGAACUCCGCAGUUAAGCGUGCUUGGGCGAGAGUAGUACUAGGAUGGGUGACCUCCUGGGAAGUCCUCGUGUUGCAUUCC,0
1,sample,ACAUACGACCAUAGACUCAAGAGAACUGGGCAUCCCGUCCGCUCUGCCAUACAUAAACUUGAGAUCGGUGGAUUAGUAGUUGGGUGGGUGACCACCAGCGAAUACCCACUGUUGUAUGUU,0
1,sample,GUGUGCGAUCAUACCAGCACUAAUGCACCGGAUCCCAUCAGAACUCCGCAGUUAAGCAUGCUUGUGCGAGAGUAGUACUAGGAUGGGUGACCCCUGGGAAGUCCUCGGGUUGCUGCCU,0
1,sample,GCUUAUAGCCAUAUCACGUUGAAACACUUGUUUUCAUCCAAUCACUGAAGUUAAGCAACAAAGAGCCUGGUCACUGCCUAGAUGGGUGACUGCUUGGGAAUGCCAAGUGCUGUAAGCU,0
1,sample,GCUUACGGCCAUACCAGCCUGAGUACGCCCGAUCUCGUCUGAUCUCGGAAGCUAAGCAGGGUCGGGCCUGGUUAGUACUUGGAUGGGAGACCGCCUGGGAAUACCAGGUGCUGUAAGCA,0
1,sample,UCUUACGGCCACAUCACGAAGUUAAGCAACGUCGACCCAGGUCAUUAUCUUGAUGGGUGACCGCUUGUGAAUACCAGGUGUUGUAAGCU,0
1,sample,GGGUGCGCUCAUACCAGCACUAAUGGCCCAGAUCCCGUCAGAACUCCAAAUUUAAGCGUGCUUGGGCGAGAGUAGUACUAGGAUGGGUGACCCCCUUGGAAUUCCUCGUGUUGCAUCCC,0
1,sample,GUCUAUGGCCAUACCACCCUGAAAGCACCGGAUCUCAUCUGAUCUCAGAAGCUAAGCAGGGUCAGUCUUGGUUAGUUACUUGGAUGGGAGAAAGUGAUAGAAGAUACAUACC,0
1,sample,GGAUGCGAUCAUACCAGCACUAAAGCACCGGAUCCCAUCAGAACUCCGAAGUUAAGCGUGCUUGGGCGAGAGUAGUACUAGGAUGGGUGACCUCCUGGGAAGUCCUUGUGUUGCAUCCC,0
1,sample,GCUUAGGGCCACAUCACGUUGAAAAACCUGUUCCUGUAUAAUCAACGAAGUCAAGCAACGCCGAGCUGGCCAGUUCCUAGAUGGGUAACCGCUUAGGAAUACCAGAUGCGGUGAGCU,0
1,sample,GCUUACGGCUUACGUUCAAAUGCAGGUUCUCGUACGAUCACCAAAGUUAAGCAACGUCGAGCCUGGUCAGUACUUAGAUGAGCGACCGCUUUGUAAUACCAGGUGCUAUAGAUU,0
1,sample,CUAUAUGGCCAUACUGGACAGGGUGCACCCAGUCUUGGCUGAUCUCAGAAGCUAAGCUCUCCUGGGCCUGGCUAGCACUUGGAUGGGAGACCACCUGAGAAUCUCAGGUGAUGUAUUUU,0
1,sample,ACAUGGGAUAAUUAUUCCAUUGUUAUGCCUGAUCCCGUCAGAUCUCAGAAGCUAAGCAGGUAUAGGGUCUGGUUUGUACUUGAUGGGAGAUUGUUUGGGAACGCCAUGAAGCCUGGGUG,0
1,sample,GUCUCAGGCCGUAUCAGCCUGAAGGCGCCCGAUCUCGUCUGAUCUCGGAAGCUAAGCAGGGUCGGGCCUGGUUAGGAUCUUGGAUGGGAGACCACCUGGGAAUCCCGGGUGCUCGGGGCU,0
1,sample,UGGUGCGACUACACUAGCGCUAAAGCAUUGAAUUAUAUCAGAACUCUGCAGUUAAACGUGCUUGAGUUAGAGUAUUACUAAGAUAGGUAACCUCCUGGGAAGUUCUUGUGUUAAAUUUU,0
1,sample,GUUUGCAGCCAUACUUCCAUACUUUCUAUCUCAUCUGAUCUAGGAAGGCAGUCCGAGUCUAGCCUGGUUAGUACUUGGAUGAGAGACUGCCUGGGAAUACUGGGUGCUGUAGGCU,0
1,sample,GCCAACGUCCAUACCAUGUUGAAUACACCGGUUCUCGUCCGAUCACCGAAGUUAAGCAACAUCGGGCGUGGUCAGUACUUGGAUGGGUGACCGCCUGGGAACACCACGUGUCGUUGGCU,0
1,sample,GGGUGCGAUCAUACCAGCACUAAUGCACCGGAUCCCAUCAGAACUCCGCAGUAAGCGUGCUUGGGCGAGAGUAGUACUAGGAUGGGUGACCUCCCGGGAAGUCCUCGUGUUGCACCCC,0
1,sample,ACAAUGGACCAUAGGAUGAUGAGAACAAGGGACCCCGUUCGCUCUCCUAAAUUUAAGCAUCAUACCGAGAGUUUAGUAGUCAGGUCGGUGACGACUGGCGAAUCCCUCUUGUUCAUUGUU,0
1,sample,CCUGAUGACCAUAGCAAGUCGGUCCCACCCCUUCCCAUCCCGAACAGGACCGUGAAACGACUUUGCGCCGAUGAUAGUGCUGCAACCAGUGUGAAAGUAGGUUAUCGUCAGGC,0
1,sample,GCUUACAGCCAUAUCACACUGAAACACCAUAUCUUGUAUAAUUACCGAAGUUAAGCAACAUCAAGCUAGGUCAGUACCUAGAUGGGUGAUCACUUGGGAAUACUAGGUUGUAUAUGCU,0
1,sample,GACUACAGCCAUACCAUCCUGAAUGUGCCUGAUCCCAUCUGAUCUUGGAAGCUAAGCAGGGUCAGGGCUGGUCAGUACUUGGAUGGGAGAAAGAUCACUAUAAAUC,0
1,sample,GUCUAUGGCCAUGCUACCCUGAACAAGCCCAAUCCCAUUUGAUCUUGGAAGCUAAGCAGAGGCCUGGUUAGUACUUGGAUGGGAGACGAUCAAGGGAGAUCAGAUGCUGUAGGCA,0
1,sample,GCUCACGUCCAUAUUACAUUGAAACACCUUCUUGUACGAUCACCGAAGUUAAGCAACAUCGAACUUGGUCAUUAUGUAGAUUGGUAACCACUUGCGAAUACCAGGUACUGUAAGCU,0
1,sample,GGAUGCGAUCACACCAGCACUAAAGCACCGGAUCCCAUCAGAACUCCGUAGUUAAGCGUGCUUGGGCGAGAGUAGUACUAGGAUGGGUGACCUCCUGGGAAGUCCUCGUGUUGCAUUCC,0
1,sample,GUCUACCGCCAUGCCACCCUGCACAAGCCCAAUGUCUGAUCUCCGAAGCUAAGCAGGGUCAGGCCUGGUUAGUACUUGGGUCCGAGACCGCCUAGGAAGACCAGGUAUUGUAGGCA,0
1,sample,GCCAACGUCCAUACCAUGUUGAAUACACCGGUUCUCGUCCGAUCACCGAAGUCAAGCAACAUCGGGCGUGGUCAGUACUUGGAUGGGUGACCGCCUGGGAACACCACGUGAUGUUGGCU,0
1,sample,GGAUGCGAUCAUACCAGCACUAAAGCACCGGAUCCCAUCAGAACUCCGAAGUUAAGCGUGCUUGGGCGAGAGUAGUACUAGGAUCGGUGACCUCCUGGGAAGUCCUCGUGUUGCAUCCC,0
1,sample,GGAUGCGAUCAUACCAGCACUAACGCACCGGAUCCCAUCAGAACUCCGAAGUUAAGCGUGCUUGGGCGAGAGUAGUACUAGGAUGGGUGACCCCCUAGGAAGUCCUCGUGUCGCAUCCC,0
1,sample,ACUUACGGCCAUACCAUCCUGAAUACGCCCGAUCUCGUCUGAUCUCGGAAGAUAAGCAGGGUCGGGCCUGGUUAGUACUUUGAUGGGAGACCGCCUGGGAAUACCAGGUGCUGUAAGUG,0
1,sample,GGGUGCGAUCAUACCAGCACUAAUGCACCGGAUCCCAUCAGAACUCUGCAGUUAAACGUGCUUGGGCGAGAGUAGUACUAGGAUGGGUGACCUCCCGGGAAGUUCUCGUGUUGCACCCC,0
1,sample,GCUUACGGCCAUACCACCCUGAGCACGCCCGAUCUCGUCUGAUCUCGGAAGCUAAGCAGGGUAGAGCCUGGUUAGUACUUGGAUGGGAGACCGCCUGGGAAUACCAGGUGCUGUAAGCU,0
1,sample,GCAAUCGGCCAUACUACAUUGAAUAUACCGGAUCCCAUCCGAACUCCGAAGUCAAGCGGUGUAAGGCCCGGUUAGUACUAGGGUGGGGGACCACCUGGGAAGACCUGGGUGCCGAUUGCC,0
1,sample,GGAUGCGAUCAUACCAGCACUAACGCACCGGAUCCCAUCAGAACUCCGUAGUCAAGCGUGCUUGGGCGAGAGUAGUACUAGGAUGGGUGACCCCCUGGGAAGUCCUCGUGUUGCAUCCU,0
1,sample,GCCUACGGCCAUACCACCCUGAGAACGCCCGAUCCCGUCUGAUCUCGGCAGCUAAGCAGGGUCGGGCCCGGUUAGUACUUGCAUGGGAGACCGCCUGGGAAUACCGGGUGCUGUAGGCU,0
1,sample,GCCAACGGCCAUACCAUGUUGAAUACACCGGUUCUCGUCCGAUCACCGAAGUUAAGCGACUUCGGGCGUGGUUAGUACCUGGAUGGGUGACCGCCUGGGAACACCGCGUGCUGUUGGCA,0
1,sample,GCUUACGGCCAUACCACCCUGGGCGCGCCCGAUCUCGUCUGAUCUCGGAAGCUAAGCAGGGUCGGGCCUGGUUAGUACUUGGAUGGGAGACCGCCUGGGAAUACCAGGUGCUGUAAGCU,0
1,sample,GCUUACGGCCAUACCACCCUGAGCGCGCCCGAUCUCGUCUGAUCUCGGAAGCUAAGCAGGGUCGGGCCUGGUUAGUACUUGGAUGGGAGACCGCCUGGGAAUGCCAGGUGCUGUAAGCU,0
1,sample,GGAUGCGAUCAUACCAGCACUAAAGCACCGGAUCCCAUCAGAACUCCGAAGUUAAGCGUGCUUGGGCGAGAGUAGUACUAGGAUGGGUGACCUCCUGUGAAGUCCUCGUGUUGCAUUCC,0
1,sample,GGAUGCGAUCAUACCAGCACUGAAGCACCGGAUCCCAUCAGAACUCCGAAGUUAAGCGUGCUUGGGCGAGAGUAGUACUAGGAUGGGUGACCUCCUGGGAAGUCCUCAUGUUGCAUUCC,0
1,sample,GGAUGCGAUCAUACCAGCACUAAAGCACCGGAUCCCAUCAGAACUCCGAAGUUAAGCGUGUUUGGGCGAGAGUAGUACUAGGAUGGGUGACCUCGUGGGAAGUCCUCGUGUUGCAUUCC,0
1,sample,GUCUACGGCCAUACCACCCUGAACGCGCCCGAUCUUGUCUGAUCUCGGAAGCUAAGCAGGGUCGGGCCUGGUUAGUACUUGGAUGGGAGACCGCCUGGGAAUACCAGGUGCUGUAGCCU,0
1,sample,GUCUACGGCCAUAUCACGUUGAAAACACCGGUUCUCGUCCGAUCACCGAAGCUAAGCAACGUCGAGCCCGGUUAGUACUUGGAUGGGUGACCGCCUGGGAAUACCGGGUGCUGUAGGCU,0
1,sample,ACUUACGGCCAUACCAGUCUGAGAGCGCCCGAUCUCGUCUGAUCUCGGAAGCUAAACAGGCUUGGGCCUGGUUAGUACUUGGAUGGGAGACCGCCUGGGAAUACCAGGUGCUGUAAGCU,0