family,annotation,seq
2933,URS0000D6908B_851/1-255+URS0000D6908B_12908/1-255,AAAAAACUUACUAUUAUAUUUGUAACAAAUUUUAUACAUAAGAUAAAUUCGUAUGUAUAGCCGUUCUGCUCGAAACGGUAUAGCACCGUAAUGGUGGUAUUAUGAAUUGUAGCAAGGUGCGAGGCUACCUUUAAAAGUCUUGGAGGUGCUCUGAGUGGGUACUUUAUUAGGGUUAUAAUUUAGAAAGUAAGCUAAAACUCUAGGUGUUGGGCAGGGCUAACACUGGCAUAUAAUUAAAUAUGCGAUAAAGUAAGU
2933,URS0000D6A42B_12908/1-271,AUGAUUCUUAGUUAAUCUUCAUUCAACCAUGGGUUGUUUUUGUUAUGCAAAAAAAUAAGUAAAACUUAGGUUGAAUAAACUUAAGUUUUUUUAUUUUAGUUAAGAAAAAUAAACAAGUGGUGGUAGUCCGCCACUCUAAGGGGACGCCUUUAGAAGAAGAGGCUAGGUGGUAUUCCGGUGUGGGAUACUUGGUAAUAUGUAACGCUAAUUGCAUAAGAUUGUAGGACGGAAUUUACAGUCUUGGUUUUUAUAAACCUGAAACUAAGUAAGC
2933,URS0000D675A0_12908/1-272,AUGAUUCUUAGUUAAUCUUCAUUCAACCAUGGGUUGUUUUUGUUAUGCAAAAAAAUAAGUAAAACUUAGGUUGAAUAAACUUAAGUUUUUUUAUUUUAGUUAAGAAAAAUAGACAAGUGGUGGUAGUCCGCCACUCUAAGGGGACGCCUUUAGAAGAAGAGGCUAGGAGAGGUAUUCCGGUGUGGGAUAUCUAGUAAUAUGCAGCGCUAAAUGCAUAAGAUUGUAGGACGGAAUUUACAGUCUUGGUUUUUUAAACCUGAAACUAGAUAAGC
2933,URS0000D6BFDA_12908/1-270,AUGAUUCUUAGUUAAUCUUCAUUCAACCAUGGGUUGUUUUUGUUAUGCAAAAAAAUAAAUAAAACUUAGGUUGAAUAAACUUAAGUUUUUUUAUUUUAGUUAAGAAAAAUAGACAAGUGGUGGUAGUCCGCCACUCUAAGGGGACGCCUUUAGAAGAAGAGGCUAGGAGGUAUUCCGGUGUGGGAUACUUAGUGAUAUGCAACGCUAAUUGCAUAAGAUUGUAGGACGGAAUUUACAGUCUUGGUUUUUCAAACCUGAAACUAAGUAAGC
2933,URS0000D6701E_12908/1-271,AUGAUUCUUAGUUAAUCUUCAUUCAACCAUGGGUUGUUUUUGUUAUGCAAAAAAAUAAGUAAAACUUAGGUUGAAUAAACUUAAGUUUUUUUUAUUUUAGUUAAGAAAAAUAGACAAGUGGUGGUAGUCCGCCACUCUAAGGGGACGCCUUUAGAAGAAGAGGCUAGGUGGUAUUCCGGUGUGGGAUACUUAGUAAUAUGCAACGCUAAUUGCAUAAGAUUGUAGGACGGAAUUUACAGUCUUGGUUUUUCAAACCUGAAACUAAGUAAGC
2933,URS0000D662FA_12908/1-269,AUGAUUCUUAGUUAAUCUUCAUUCAACCAUGGGUUGUUUUUGUUAUGCAAAAAAUAAGUAAAACUUAGGUUGAAUAAACUUAAGUUUUUUUAUUUUAGUUAAGAAAAAUAGACAAGUGGUGGUAGUCCGCCACUCUAAGGGGACGCCUUUAGGAGAAGAGGCUAGGGGGUAUUCCGGUGUGGGAUACUUAGUAAUAUGCAACGCUAAUUGCAUAAGAUUGUAGGACGGAAUUUACAGUCUUGGUUUUUCAAACCUGAAACUAAGUAAGC
2933,URS0000D6CE34_12908/1-270,AUGAUUCUUAGUUAAUCUUCAUUCAACCAUGGGUUGUUUUUGUUAUGCAAAAAAAUAAGUAAAACUUAGGUUGAAUAAACUUAAGUUUUUUUAUUUUAGUUAAGAAAAAUAAACAAGUGGUGGUAGUCCGCCACUCUAAGGGGACGCCUUUAGAAGAAGAGGCUAGGGGGUAUUCCGGUGUGGGAUACUUAGUAAUAUGCAACGCUAAUUGCAUAAGAUUGUAGGACGGAAUUUACAGUCUUGGUUUUUCAAACCUGAAACUAAGUAAGC
2933,URS0000D68999_12908/1-270,AUGAUUCUUAGUUAAUCUUCAUUCAACCAUGGGUUGUUUUUGUUAUGCAAAAAAAUAAGUAAAACUUAGGUUGAAUAAACUUAAGUUUUUUUAUUUUAGUUAAGAAAAAUAGACAAGUGGUGGUAGUCCGCCACUCUAAGGGGACGCCUUUAGAAGAAGAGGCUAGGGGGUAUUCCGGUGUGGGAUACUUAGUAAUAUGCAACGCUAAUUGCAUAAGAUUGUAGGACGGAAUUUACAGUCUUGGUUUUUCAAACCUGAAACUAAGUAAGC
2933,URS0000D67B5E_12908/1-278,CGCUAAAUUAGGAAAAACGCUUGAAACCUGUACGUUUUUUUGUUAUGCAAAAAAAUAAAUACAGACUUAAGUUGAGAGCGUUUAACUUAAGUCUUUUUUAUUAGCUUAAAAAAACUAUAUACAAGUGGUGGUAGUCCGCCACUCUAAGGGGACGCCUUUAGAAGAAGAGGCUAGGGGGUAUUCCGGUGUGGGAUACUUAGUAAUAUGCAACGCUAAUUGCAUAAGAUUGUAGGACGGAAUUUACAGUCUUGGUUUUUCAAACCUGAAACUAAGUAAGC
2933,URS0000D6A37E_12908/1-279,CGCUAAAUUAGGAAAAACGCUUGAAACCUGUACGUUUUUUUGUUAUGCAAAAAAAUAAAUACAGACUUAAGUUGAGAGCGUUUAACUUAAGUCUUUUUUAUUAGCGUUAAAAAACUAUAUACAAGUGGUGGUAGUCCGCCACUCUAAGGGGACGCCUUUAGAAGAAGAGGCUAGGUGGUAUUCCGGUGUGGGAUACUUAGUAAUAUGCAACGCUAAUUGCAUAAGAUUGUAGGACGGAAUUUACAGUCUUGGUUUUUAUAAACCUGAAACUAAGUAAGC
2933,URS0000D68BAC_12908/1-256,AUAAAUCUUGCAGUCAUAAGAAUAAAAUGCCUGGAUUAGUUUUUUUCUUUUCUGGGGCUGCUAUGCGUUAAGCAGUGAAUGGGUUUUUUAAUCGAUUCUAGGAAUGUAUGCAAAAGUGAGAGCGACUUUAUGAAAUGGCUUGGUGGUUUGUCUGAUUCGGCGAAUUAUCACAAUACAACAAAGCUUUAAAAUGCAAGUUAAAGCGAGUAUAUUACUUGGGGCAGAUGACAAGUAACCGAAAGGGGUGGUAAUCAAA
2933,URS0000D6B6D3_1319815/1-263,AAAUAACUUGCAGUAAUAUACAAAGUACAAUUUCAAAUUCCUUUUUUAUAGAAUUUGAGCCGUUGUGCGUUGAACGGUAAACGGUGAAAGAAAACACGGUUUUAAGAAUGUACGCAAGGGUGAGAGCUACCCUUUUAAAAGGCUUGGGUCAGGUUGCUCUAUUGGGAGCGUUUAAAAGUACCUAAUUUACUAAUGCAAGGGUAAGGGGUAUGUUUGCUAGGGGGAGCAUUAGCAAAGCCGUUAAAAAGGCGUUUAAACGUAGU
2933,URS0000D68124_12908/1-252,UUAAAUCUUGCCGUUAUAUUUAGUUACAAAAUUUAUGUUCUAGCAGGACAUAGCCGUUAUGCGCGAAGCGGUGUAGCGUCACUUUGAUGGCGGUACUAUGAAUUGAUGCAAGGUGUGGAGCGACCUUAAACAGUUCUGGUGGUGCUCUGAAUGGAGUGCUCUACUGAGAUUAUAAAAUAGAAGGUAAGCUAUUAUCUCUUACAACAGGGCAGGGCUUGUUGGAAUAGGCGGUAAAGUCUAUGGUAGAGUAGU
2933,URS0000D6878E_12908/1-264,AAAAAUCUUACCAUUAUAUAUUAUUAGAUUUACAAUUUAUGUUCAAGCAGGACAUAGCGGUUAGGCACUAAACCGUGUAGCGCCAAAAAUGGUGGUACUAUGAAUUGUUGCAGGGGGAGAGUCGCCCCAGAAAUAACAGGCUUGGCGGUACUCUGAAUACAGGGGUGCUUUAUUGACGCUAUAAGACAAUAAAGGUAAGUUUGUUGCGUCUAUUGUGGGGCAGAGUUCACAAGAACAAGCGAUAUAGCUUGAAAUAAAGCAAGU
2933,URS0000D68539_12908/1-255,AAAAAACUUACUAACUAUAUUGGAUUUAACAUUUGUACUAUAGAUAAAAUCUAAGUACAGUCGCUCUGCUCGAAGCGAUACAGCGGUUAAACAACUGGUGUUACGAAUUGUAGCGGGUGUGUGGCAACCCCAAAUAGUCACGGUGGUACUCUGUGCGGGUACUUUACUUAGUGUAUAAUUUAGAAAGUAAGCUAAACACUAUUACUGCUGGGCGGAGUAGGCAGGAACAAGCAUAAAGCUUGUGGUAAAGUAAGU
2933,URS0000D66C57_12908/1-257,AAAAAUCUUACUAUUAUAUUUGUAUCAAAAUUUGUAUAAGGGUUUUAUAACUUAUACAGCCAUUCUGCUCGAAAUGGUGUAGCAUUGGAAACAAUGGUACUACGAAUUGUAGCAAGGUGCUGGGCGACCUAAAACGGCUCUGGAGGUGCUCUGAGUGGGUACUUUAUUAGGGUUAUAAUUUAGAAAGUAAGCUAAAACUCUAGGUGUUGGGCAGGGCUAACACUGGCAUAUAGUUAAAUAUAUGCGAUAAAGUAAGC
2933,URS0000D6626A_12908/1-258,AAAAAUCUUACUAUUAUAUUUGUAACAAAUUUUAUACAUAAGAUAAAUUCGUAUGUAUAGCCGUUCUGCUCGAAACGGUGUAGCAUUGGAAGCGUUCCAUGGUACUAUGAAUUGUAGCGGGGGAGAGUCGCCCCAUAACAGGCUUGGAGGUACUCUGUGCGGGUACUUUGUUAACGCUAAAAGUAGAAAGUAAGCUACUGCGGGACUUCUAGGGCGGAGUUUAGAAGAGUAGGCGAAUUAGUCUGCGACAAAGUAAGU
2933,URS0000D68159_12908/1-254,AAAAAUCUUACUAUUAUAUUUAUUUUACUAUUUGUACUCAAGAUUUUAUCUUAAGUACAGCGGUUCUGCUCGAAACCGUGUAGCAUUGGAAACAAUGGUACUAUGAAUUGUAGCGGGGGAGAGUCGCCCCAUAACAGGCUUGGCGGUACUCUGUGCGGGUACUUUGAUAAUGCUAAAGGUAGAAAGUAAGCUACUGCAAGACUUCUGGGGCGGAGUACAGAAGAAUAGGCGAUAUAGUCUAUAUCAAAGUAAGU
2933,URS0000D6A784_12908/1-256,AAAAAUCUUACUAUUAUAUUUGUAACAAAUUUUAUACAUAAGAUAAAUUCGUAUGUAUAGCCGUUCUGCUCGAAACGGUAUAGCACUCUAGUAGUGGUAUUAUGAAUUGUAGCAAGGUGUGUGGCGACCUUUUUAACAGUCAUGGCGGUGUCCUGAGUGGGUACUUUGUAAAUGGUAGAAAUAGAAAGUAAGCUAUGCCAUUAGUUGCUGGGCAGGACUAGCAACAACAAGCGAAUUAGCUUGUUACAAAGUAAGU
2933,URS0000D6C220_12908/1-254,AAAAAUCUUACUAACUAUAUUAGCAACACAAUUUGUACUAUAGAUAAAAUCUUAAGUACAGUCGCUCUGCUCGAAGCGAUACAGCGGUUUAACUGGUGUUAUGAAUUGAAGCAAUGCGAGAGUCGGCAUUUUAACAGGCUUGGCGGUGUCCUGUGUGGGUGCUUUGUAAAUGGUAGAAAUAGAAAGUAAGCUAUGCCAUUAGUUGCUGGGCGGGACUAGCAACAGCAAGCGAAUUAGCUUGAUACAAAGUAAGU
2933,URS0000D6BFD4_12908/1-254,AAAAAUCUUACUAUUAUAUUUGUAUCAAAAUUUGUAUAAGUGUUUUAUAACUUAUGCAGCCUCUCUGCUCGAAGGGGUGUAGCAUUGGAAACAAUGGUACUACGAAUUGUAGCAAGGUGCGAAACGACCUUUAACAGUUUUGGUGGUGUCCUGAGUGGGUACUUUGUAGAUGGUAAACAUAGAAAGUAAGCUAUGCCAUUAGUUGCUGGGCAGGACUAGCAACAGCAAGCGAAUUAGCUUGAUAUAAAGUAAGC
2933,URS0000D688F1_12908/1-254,AAAAAUCUUACUAUUAUAUUUGUAUCAAAAUUUGUAUAAGUAUAAAAGCACUUAUACAGCCAUUCUGCUCGAAAUGGUACAGCGGUUUUUUAACUGGUGUUAUGAAUUGCAGCAACGCGAGAGUCGGCGUAUAACAGGCUUGGCGGUGUCCUGAGUGGGUACUUUGUAGGUGGUAAACAUAGAAAGUAAGCUAUGCCAUUAGUUGCUGGGCAGGACUAGCAACAUCAAGCGAAUUAGCUUGAUACAAAGUAAGU
2933,URS0000D65E75_12908/1-254,AAAAAUCUUACUAACUAUAUUAGUUUUACCAUUUGUAACAACUGUAAAAGCUGUUACAGUCGCUCUGCUCGAAGCGAUGUAGCAUUGGAAACAAUGGUACUAUGAAUUGUAGCGGGUGUGUGGCAACCCCAAAUAGUCACGGUGGUACUCUGUGCGGGUAUUCUAACAACGAUAUAAUUUAGAAAGUAAGCUAAAUCGGGACUUCUGGGGCGGAGUACAGAAGAAUAGACGAACUAGUCUAUGUUAGAAUAAGU
2933,URS0000D69126_12908/1-255,AAAAAUCUUACUAUUAUAUUUGUAUUAAAAUUUGUAUAAGUAUAAAAGCACUUAUACAGCCAUUCUGCUCGAAAUGGUACAGCGGUUUUUUAACUGGUGUUAUGAAUUGUAGCAACGCGAGAGUCGGCGUAUAACAGGCUUGGCGGUACUCUGUGCGGGUAUUCUAACAACGAUAUAAUUUAGAAAGUAAGCUAAAUCGGGACUUCUGGGGCGGAGUACAGAAGAAUAGACGAGCUAGUCUAUGUUAGAAUAAGU
2933,URS0000D66F99_12908/1-257,AAAAAACUUACUAUUAUAUUUUAUAUCACAAUUUGUAUAAGCAUAAAAGCACUUAUACAGCCAUUCUGCUCGAAAUGGUACAGCGGUUUUUUAACUGGUGUUAUGAAUUGUAGCAACGCGAGAGUCGGCGUUAUAACAGGCUUGGCGGUACUCUGGUGCGGGUACUUUGUUAACGCUAAAAGUAGAAAGUAAGCUACUGCGUGACUUCUAGGGCGGAGUUUAGAAGAGUAGGCGAAUUAGACUGCGACAAAGUAAGU
2933,URS0000D67707_12908/1-257,AAAAAUCUUACUAACUAUAUUUGUUUUACUAUUUGUACUCAAGAUUUUAUCUUAAGUACAGCGGCUCUGCUCGAAGCCGUAUAGCGUCAAAAUGACGGUAUUAUGAAUUGUAGCAAGGUGCGGGUCUACCUUUCAAAAGGCUCGGCGGUACUCUGUGCGGGUAUUCUAACAACGAUAUAAUUUAGAAAGUAAGCUAAAUCGGGACUUCUGGGGCGGAGUACAGAAGAAUAGACGAACUAGUCUAUGUUAGAAUAAGU
2933,URS0000D677CB_12908/1-257,AAAAAUCUUACUAACUAUAUUUGUUUUACAAUUUGUACUAUAGAUAAAAUCUUAAGUACAGCCACUCUGCUCGAAGUGGUACAGCGGUCUAGCGACUGGUGUUAUGAAUUGAAGCAAGGUGCGAAACGACCUAUAACAGUUUUGGAGGUACUCUGUGCGGGUAUUCUAACAACGAUAUAAUUUAGAAAGUAAGCUAAAUCGGGACUUCUGGGGCGGAGUACAGAAGAAUAGACGAACUAGUCUAUGUUAGAAUAAGU
2933,URS0000D6608F_12908/1-251,AAAAAUCUUACUGUUAUAUUUGUAUCAAGAUUUGUAUAAGGGUUUUAUAACUUAUACAGCCAUUCUGCUCGAAAUGGUGUAGCAUUGGAAACAAUGGUACUACGAAUUGUAGCAACGCGAGAGUCGGCGUUUUAACAGGCUUGGCGGUCUCUUGAGUGGGUAUCUUAUGACAUUAAAAAUAGAAAGUAAGCUAUUAUGUCAGCUGUAGGGCAAGAGUUACAGUCGGUGAAAUUAAGCCGAAUAAGAUAAGU
2933,URS0000D6C0E6_12908/1-250,AAAAAUCUUACUGUUAUAUUUGUAUCAAGAUUUGUAUAAGGGUUUUAUAACUUAUACAGCCAUUCUGCUCGAAAUGGUGUAGCAUUGGAAACAAUGGUACUGCGAAUUGUAGCAAGGUGUGUGGCGACCUUUAACAGUCAUGGUGGUCUCUUGAGUGGGUAUCUUAUGACAUUAAAAAUAGAAAGUAAGCUAUUAUGUCAGCUGUAGGGCAAGAGUUACAGUCGGUGAAAUUAAGCCGAAUAAGAUAAGU
2933,URS0000D694D9_12908/1-255,AAAAAUCUUACUGUUAUAUUUAUAUUGCAAUUUGUACUAUAGAUAAAAUCUUAAGUACAGCCGUUCUGCUCGAAACGGUACAGCAGUUUUUUAACUGGUGUUAUGAAUUGUAGCAACGCGAGAGUCGGCGUUUUAACAGGCUUGGCGGUCUCUUGAGUGGGUAUCUUGGAAGCAUUAAAGUAGAAAGUAAGCUACUAUGCUAGUUGUAGGGCAAGGGUUACAAUGACAGUGAAUUUAAACUGUUACAAGAUAAGU
2933,URS0000D6AB77_12908/1-259,AAAAUCCUUACAUGAAUAUUAGUUACAAAUAUUUCAAUGCAGCAUACUUGCAUUGAGCUGCUAAGCACGAAGCAGUAAGUGGUUAUGUAUAUAGCGACUUUAGGAAUUGUUGCAGGCUGAGAACGAGCGACUAAACGGUUUGGAGGAUAACUGAUUUAGGGACUUUCUUUAUACCUCUAUAAAAUCGAAGUAAGGCGAUUGAGGGCGAAUGCUAGGGCAGUUAUUAGCAGAUUUACACUAAGUAAAGUAAAGAAAGAGG
2933,URS0000D6B02C_12908/1-246,CUAAACCCUACAAGAAUAUUUUCAAAAAAUUUCAUCAUACAAUUUGUGAUGAGCUGAUAGGCACUAAUCAGUCCAAGCUUUUAAAGGUUGGUAGGAAUUGUUGCAACGUGAGGACAACGGAACAAAGGUCAGGUGGUUUAUUGUUUUGGGGUGUCUUUUAUACCUUUAUAAAACUGAAUGUAGGCAGUUAAGGUCGAACACGUGGGCAAUAAAGCGUGGAUUGUAUCAAACAAGUAAAAGGCAAGU
2933,URS0000D6BF5F_12908/1-247,CUAAACCCUACAAGAAUAUUUUCAAAAAAUUUCAUCAUACAAUUUGUGAUGAGCUGAUAGGCACUAAUCAGUCCAAGUCUUUUAAAGGUUGGUAGGAAUUGUUGCAACGUGAGGACAACGGAACAAAGGUCAGGUGGUUUAUUGUUUUGGGGUGUCUUUUAUACCUUUAUAAAACUGAAUGUAGGCAGUUAAGGUCGAACACGUGGGCAAUAAAGCGUGGAUUGUAUCAAACAAGUAAAAGGCAAGU
2933,URS0000D6BD4B_12908/1-243,CUAAACCCUACAAGAAUAUUUUCAAAAAAUUUCAUCAUACAAUUUGUGAUGAGCUGAUAGGCACUAAUCAGUCCAAGCUUUUAAAGGUGGUAGGAAUUGUUGCAACGUGAGGACAACGGAACAAAGGUCAGGUGGUUUAUUGUUUGGGGUGUCUUUUAUACCUUUAUAAAACUGAAUGUAGGCAGUUAAGGUCGAACACGUGGGCAAUAAAGCGUGGAUUGUAUCAAACAGUAAAAGGCAAGU
