family,annotation,seq
2032,saq,GCCGUCUCAAUAGUGGCUUAGCACAGAUAAUCCAUAGCGAUAUGGGAAAGCUUUUGUAGGUGUAUCAACAAGAGCGCCAGUGAUGGUCAAUCUAAGCAAACCAAUCUUUAUGUAAUCAGUAAUGGUUACAGCACACGAAGUCAAAGCGCAAUACCAGAGCCAAUCGGUGAGGUGCUGUGUCAGCAGUACGUGCGACGAGUGUGUAGGAGGUAUAAACUGACGAAGUUCAAGGGUGGUACCAAGAGCGGUCAGCAUGUUGUGCAACGCUGGGAGGAUAUCCCAGUCAAACACAACAAGUCAAGGUGUACCAGCACCGAGAUAACAAGUAGGCGUUGCGCAUUUUGUUGCUCAAAAGGCGACGAAACGCAAGGCAAUGCACGUCUGCGAUACACGAAAACAAUGCUAUUUGUUGAAAAUAUUGGAAUAAAGCAAAAGUCAUUGCCCGUCGCAAACGAAAGUGUGCUUCGGUAGCUAGGCUACCUGCUAGAGUCUCGCAAGGAUAAUAGCAAAGUCAAAGAGUAAAGCAGCUUAGACCUUUAGCGGGGUUUUCGUUAAUUGAAAAAUGGCUUAGUAGUUUGCGGCGUAACGAGUGGUUAGCGAUACUAACCGCGCAUGGUUGUUACUUGAAGGGAUUUGAGUGGAUAAAAAACUAAAACAUAAGGUUUUGAAAGACAACUGACUAAACGUGUAAUCUCAGCGU
2032,JCVI SCAF1096627009515/1239-410,AUGGCCGCCUAUGGUCGUCAAAUAAACUACGAAAGUAGGAUAAAGUGGAAUAGUAAGGUUUAGCUAUUCUGCGGUUUCAUCUUGUAAAGAUGGAGCUUGAGUAGGCAAGUGAGAUAUCAAUUUUUCUUAGUAUGUGAGGGUAACACUUUAGCAGAGGAGAAAAGUUGACUGGGUCUUUGCAGAGAUUCAGUUGAGUUCGGAAGAGCAAUAAGAAUAACUCAUAGAAUUCAAUGCGAGAGGUAGGGAACUAAUCCCUCCCUAUAAUCGCGGUAUUCAAUAUGAUAGUUUACUUAACAUCAAAUUGGGGAAACCCUUUAAGAUAAGAUAGUGUACGGGUGGUGCCGUUAUUAUCCUUUGAUAGAGUGUACCAGCACCUAUCGAUGAAGUAAACUUGGAAUAUGGUGGUAGGGAUACCACAUCGGGUAGUUAAGUAUUCUGUCGUUCAAAAGGCGGCGGAGCUUGUGAUAGACCGCUACCUGAAACCACUGCAAAACCAAACUUAUAUUUGCAUUUAGGAUUGCAAAAUCAUAAAAAUCAAAAUAAGAAAAAGUGUCUAUCAGUUUUGACCGAAAGGUGUCUACAUAGUAAUGAGUUGUUCAUUGCCACAAACACUCUCAAGGUGAAUGUGAUUCUUUCGAAAGGUUUCUAACACCGCAAGUGUGAAUCUGCUCGGCAGGGUAGAAGAAAAUAAGUAAGAAGAGAGUAGGUUAAAACUCAAAGAGUGGUUCACUUAAAUAACCGACAUUGGUUGUUACAUCUCAAAAGGAUGUGGAAACAAAGGGAAUAGAUAAUCCUUUUAAAGACAACUACAAUAUGGUGUAUUCUCAGCCU
2032,fba,AAGACUGAUGGGGCAGCUUAUUGUCCUUAGAUAAACUUGGUAACAAGGAUAAAUCUGUUUGCAGACACUGCAAGUGGAGACUGUUUUCAUUAGAAAAUAGUGCAGGUAAGCAAGCAAUUAACAUAAAUCAUUAUCUGCUAGGGACAACCGUUGAAGCAUAUUAAGGAUUUAUAGCCAAUGCUUUUUGAGUAGGCUUGAGAUGGAGACAUCAAAAGAAAAAGUUGUAGUAACAGGUUACGUAUAGGUUAUCCAACCUAGCGGAGCUGAUUGCAGUAUUAAAGUUACCCGACAGGAAAUGGUUCGGUAGCUUAACUUACCGUGUGUUGGGAAACACACAAGGAGAAGGUUGGUAUUUUGUAGGCAAAAAUCUACGAAGCCAUUUUCGAAGCCCUUCUCCUAGGUCAAAGUUUUGAAGUCUAGGUUCGAUUCCUAGUAUCUCAACCGAAAAGGGGAUAUAGUUCAACUGGUAGAGCACUGUAUUUUUCAUACAGCGAAAGGCACAAGACUUCGAACAUUAUAGCAGUUAGUAGUUGCCUAAACCCAUUGCAAUAUAUGGGACAGUAGAGGUCGCAAGCCUAUACUGUGCGGUGAACAUUCUAGUAGGCCGCCUCAACAGAGGACGUCUAUGAAUGGUGAGGGAGCCAACCCUUGUAAUUGCAAAGCGUGGUUUUAAUACCACUAUGCAAGCCAAGUCUAAGUCGCUGAACAUCUAUAAUGUAUUAGGCAUCAGGUAAGUACACAAUUCUCUAAGCGAUGAGAAGCGUGUGGAAAAUUAGGGAAGGGCUACGGCUAUAAUCCUAAGAAAGCUUAUCUACAAGCGGAGGUAUUCUCAGAACGCUUUUUUUAA
2032,LACI01000675.1/583-1001,AGGAGUAGUUUAGUAUUCUGUUGUUCAAAAGAUAACGGAGCUUACGGUGGACCACUACUUCUAUCAUCCACGACACACAAACUUAUAAUUUACUAUGUUAAUGUAAAAGUUAUACUCAGAAAAAAAUAAGCAUAAGUGUCCAUCAGGUUUUGAUGAAAGUCGCCUACCUAGUCAUGGGUUGUCCAUGGCACACUGAGACCGCAAGUUGAUGUGUAUUUUUACCAAAGACCUCUAAGGAGUCGAAUCCUGAGUCAGUUCGCAAGAUUGAAGAGAGUUGAGUAAUGAAAGAGUAGUUAAAACCUUUAGAAGUGAUUGGUCUAACCAAUCGGCGAUGAGAGUUACCAUUCAAAAGAUGGUGGAAAUAAAGGGAACCACAUAAUCCUUUUAAAGAUUCUCAAAAACAGGUGUAUUCUCAACCU
2032,CAJPEX010000024.1/238975-238561,AGGAGUAGUUUGGUAUUUCGUUGUUCAAAAGACGACGAAUCUGAAAGACGGACCACUACUUCUAUAAUCCACGACAcagaacUUUaUUUUUacaUUgaagAGUAAAAUCAUAAAUUAGACUUAAAGCAAAAGUGUCCGUCAGGUAAUAGUGAAAGGUGACUACAUAGUAAUGAGCCGUUCAUUGCAUCGUCUAAACCGCAAGUUUAACGAUAUUCUUACCAAAAACCUCUAAUCCCGCAAGGACUAGUUGGGGAGGCAUCCUCGAAGAGAGUUGAGUAAUGAGAGAGUAACUAAUACCUCAAGGAGUGGUACACCUAAAAGACCGUCACUgagaaaUacUUUUcaaaagaaagUggaUAAGAGUAGAAACAAUAAUGACUCUAAAGGUUCUCAACAAAAACUGUAAUcUcaggUU
2032,FR671410.1/20109-19717,AGCAGGCGCUGUGCAUUUUGUUCUUCAAAAGAGAAUGAAACACAUGGCGAUGCGUGUCUGUGAUAGAUGAAAGAUGAUUUUUAUAUUUUAAGGCUAUUCAAGAUAGAAAAAACUCAAAAAAGCAAAAGUCAUCGCCCGUCGUAAACGAAAGUGCACUUCGGCAAUUAGAUUGCCUGCUCAAGUCUCGCAAGGAUGAGAGUAAAGUCAAAGAGUAAAGCAGCUUAGACUUUUAGCGGAGUCUUCGUUAAUUGAAAAAUGGCUUAGUAGUUUGCGAUGUGAGGAGUGAUUGGUCUAACCAAUCGUGCAUGAGUGAUACAAGUAGGAAUAUUUGUGGACAAGAUAAUAAACUAUAAGUUAUCAAAAGUCACUCGUUUAAAGCAGUAGUCUCAUGCU
2032,KY065451.1/17470-17862,AGCAGGCGCUGUGCAUUUUGUUCUUCAAAAGAGAAUGAAACACAUGGCGAUGCGUGUCUGUGAUAGAUGAAAGAUGAUUUUUAUAUUUUAAGGCUAUUCAAGAUAGAAAAAACUCAAAAAAGCAAAAGUCAUCGCCCGUCGUAAACGAAAGUGCACUUCGGCAAUUAGAUUGCCUGCUCAAGUCUCGCAAGGAUGAGAGUAAAGUCAAAGAGUAAAGCAGCUUAGACUUUUAGCGGAGUCUUCGUUAAUUGAAAAAUGGCUUAGUAGUUUGCGAUGUGAGGAGUGAUUGGUCUAACCAAUCGUGCAUGAGUGAUACAAGUAGGAAUAUUUGUGGACAAGAUAAUAAACUAUAAGUUAUCAAAAGUCACUCGUUUAAAGCAGUAGUCUCAUGCU
2032,KY065450.1/16794-17186,AGCAGGCGCUGUGCAUUUUGUUCUUCAAAAGAGAAUGAAACACAUGACGAUGCGUGUCUGUGAUAGAUGAAAGAUGAUUUUUAUAUUUUAAGGCUAUUCAAGAUAGAAAAAACUCAAAAAAGCAAAAGUCAUCGCCCGUCGUAAACGAAAGUGCACUUCGGCAAUUAGAUUGCCUGCUCAAGUCUCGCAAGGAUGAGAGUAAAGUCAAAGAGUAAAGCAGCUUAGACUUUUAGCGGAGUCUUCGUUAAUUGAAAAAUGGCUUAGUAGUUUGCGAUGUGAGGAGUGAUUGGUCUAACCAAUCGUGCAUGAGUGAUACAAGUAGGAAUAUUUGUGGACAAGAUAAUAAACUAUAAGUUAUCAAAAGUCACUCGUUUAAAGCAGUAGUCUCAUGCU
2032,FR671405.1/21512-21120,AGCAGGCGCUGUGCAUUUUGUUCUUCAAAAGAGAAUGAAACACAUGGCGAUGCGUGUCUGUGAUAGAUGAAAGAUGAUUUUUAUAUUUUAAGGCUAUUCAAGAUAGAAAAAACUCAAAAAAGCAAAAGUCAUCGCCCGUCGUAAACGAAAGUGCACUUCGGCAAUUAGAUUGCCUGCUCAAGUCUCGCAAGGAUGAGAGUAAAGUCAAAGAGUAAAGCAGCUUAGACUUUUAGCGGAGUCUUCGUUAAUUGAAAAAUGGCCUAGUAGUUUGCGAUGUGAGGAGUGAUUGGUCUAACCAAUCGUGCAUGAGUGAUACAAGUAGGAAUAUUUGUGGACAAGAUAAUAAACUAUAAGUUAUCAAAAGUCACUCGUUUAAAGCAGUAGUCUCAUGCU
2032,OK173051.1/23747-23355,AGCAGGCGCUGUGCAUUUUGUUCUUCAAAAGAGAAUGAAACACAUGGCGAUGCGUGUCUGUGAUAGAUGAAAGAUGAUUUUUAUAUUUUAAGGCUAUUCAAGAUAGAAAAAACUCAAAAAAGCAAAAGUCAUCGCCCGUCGUAAACGAAAGUGCACUUCGGCAAUUAGAUUGCCUGCUCAAGUCUCGCAAGGAUGAGAGUAAAGUCAAAGAGUAAAGCAGCUUAGACUUUUAGCGGAGUCUUCGUUAAUUGAAAAAUGGCCUAGUAGUUUGCGAUGUGAGGAGUGAUUGGUCUAACCAAUCGUGCAUGAGUGAUACAAGUAGGAAUAUUUGUGGACAAGAUAAUAAACUAUAAGUUAUCAAAAGUCACUCGUUUAAAGCAGUAGUCUCAUGCU
2032,MK448733.1/13972-14363,AGCAGGCGCUGUGCAUUUUGUUCUUCAAAAGAGAAUAAAACACAUGGCGAUGCGUGUCUGUGAUAGAUGAAAGAUGAUUUUUAUAUUUAAUGCUAUUCAAAAUAGAAAAAAACUCAAAAAGCAAAAGUCAUCGCCCGUCAUAAACGAAAGUGUACUUCGGCAAUUAGAUUGCCUGCUCAAGUCUCGCAAGGAUGAGAGUAAAGUCAAAGAGUAAAGCAGCUUAGACUUUUAGCGGGGUCUUCGUUAAUUGAAAAAUGGCUUAGUAGUUUAUGAUGUAAGGAGUGAUUGGUCUAACCAAUCGUGCAUGAGUGAUACAAGUAGGAAUAUUUGUGGACAAGAUAAUAAACUAUAAGUUAUCAAAAGUCACUCGCUUAAAGCAGUAGUCUCAUGCU
2032,MK044829.1/18639-19033,AGCAGGCGCUGUGCAUUUUGUUCUUCAAAAGAGAAUGAAACACAUGGCGAUGCGUGUCUGUGAUAGAUGAAAGAUGAUUUUUAUAUUUUAAGGCUAUUCAAGAUAGAAAAAAAUUCGAAAAAAGCAAAAGUCAUCGCCCGUCGCAAACGAAAGUGUACUUCGGCAAUUAGAUUGCCUGCUCAAGUCUCGCAAGGAUAAGAGUAAAGUCAAAGAGUAAAGCAGCUUAGACUUUUAGCGGGGUCUUCGUUAAUUGAAAAAUGGCUUAGUAGUUUGUGAUGUAAGAAGUGAUUGGUCUAACCAAUCGUGCAUGAGUGAUACAAGUAGGAAUAUUUGUGGACAAGAUAAUAAACUAUAAGUUAUCAAAAGUCACUCGUUUAAAGCAGUAGUCUCAUGCU
2032,JX409895.1/544-169,AGCAGGCGUUGCGCAUUUUGUUGUUCAAAAGGCGACGAAACGCAAGGCAAUGCACGUCUGCGAUACACGAAAACAAUGCUAUUUGUUGAAAAUAUUGGAAUAAAGCAAAAGUCAUUGCCCGUCGCAAACGAAAGUGUGCUUCGGUAGCUAGGCUACCUGCUAGAGUCUCGCAAGGAUAAUAGCAAAGUCAAAGAGUAAAGCAGCUUAGACCUUUAGCGGGGUUUUCGUUAAUUGAAAAAUGGCUUAGUAGUUUGUGACGUAAGGAGUGGUUAGCGAUACUAACCGCGCAUGGUUGUUACUUGAAGGGAUUUGAGUGGAUAAAAAACUAAAACAUAAGGUUUUGAAAGACAACUGACUAAACGUGUAAUCUCAGCGU
2032,MK448990.1/22299-22689,GGUAGGCGUUGCGCAUUUUGUUCUCCAAAAGAGGAUGAAACGCAUGGCAAUGCACGUCUACGAUACGACUAGGGAAAUAUGUGUGUGUUAUAUGAUUCAACAAAAACAUUAUUUAAAAGCAAAAGUCAUUGCCCGUCACAAAUGGAAAGUGUACUUCGGUAGCUAGGCUACCCACUCAAAUCUCGCAAGGAUGAGAGUGAAGUCGAAGAGUAAAGCAGUUUAGACCUUUAGCGGGGUUUUCGUUAAUUGAAAAACGGCUUAGUAGUUUGUGACGUAAGGGGUGGUUGGUCUAACCAACCGUGCAUGAUUGGUACUGAGAGGGAUUUCAGUGGAUAAGCAACUAACUCAUAAGGUUGCGAAAGACAAUCGUUUAGACGUGUAAUCUCAGCGU
2032,MK448806.1/20250-20640,GGUAGGCGUUGCGCAUUUUGUUCUCCAAAAGAGGAUGAAACGCAUGGCAAUGCACGUCUACGAUACGACUAGGGAAAUAUGUGUGUGUUAUAUGAUUCAACAAAAACAUUAUUUAAAAGCAAAAGUCAUUGCCCGUCACAAAUGGAAAGUGUACUUCGGUAGCUAGGCUACCCACUCAAAUCUCGCAAGGAUGAGAGUGAAGUCGAAGAGUAAAGCAGCUUAGACCUUUAGCGGGGUUUUCGUUAAUUGAAAAACGGCUUAGUAGUUUGUGACGUAAGGGGUGGUUGGUCUAACCAACCGUGCAUGAUUGGUACUGGGAGGGAUUUCAGUGGAUAAGCAACUAAACAAUAAGGUUGUGAAAGACAAUCGUUUAGACGUGUAAUCUCAGCGU
2032,OQ633473.1/20708-20333,AGCAGGCGUUGCGCAUUUUGUAGCUCAAAAGGCGACGAAACGCAAGGCAAUGCACGUCUGCGAUACACGAACACAAUGCUAUUUGUUGAAAAUAUUGGAAUAAAGCAAAAGUCAUUGCCCGUCGCAAACGAAAGUGUGCUUCGGUAGCUAGGCUACCUGCUAGAGUCUCGCAAGGAUAAUAGCAAAGUCAAAGAGUAAAGCAGCUUAGACCUUUCGCGGGGUUUUCGUUAAUUGAAAAAUGGCUUAGUAGUUUGUGACGUAACGAGUGGUUAGCGAUACUAACCGUGCAUGGUUGUUACUUGAAGGGAUUUGAGUGGAUAAAAAACUAAAACAUAAGGUUUUGAAAGACAGCUGAUAAGACGUGUAAUCUCAGCGU
2032,MK448812.1/19963-20354,GGUAGGCGUUGCGCAUUUUGUUCUCCAAAAGAGGAUGAAACGCAUGGCAAUGCACGUCUACGAUACGACUAGGGAAAUAUGUGUGUGUUAUAUGAUUCAACAAAAAACAUUAUUUAAAAGCAAAAGUCAUUGCCCGUCACAAAUGGAAAGUGUACUUCGGUAGCUAGGCUACCUACUCAAAUCUCGCAAGGAUGAGAGUGAAGUCGAAGAGUAAAGCAGCUUAGACCUUUAGCGGGGUUUUCGUUAAUUGAAAAACGGCUUAGUAGUUUGUGACGUAAGGGGUGGUUGGUCUAACCAACCGUGCAUGAUUGGUACUGAGAGGGAUUUCAGUGGAUAAGCAACUAACUCAUAAGGUUGCGAAAGACAAUCGUUUAGACGUGUAAUCUCAGCGU
2032,MK448998.1/15786-16170,AGUAGGCGUUGCGCAUUUUGUUUCUCAAAAGGAAACGAAACGCAAGGCAAUGCACGUCUACGGUACAAAACAAUAAUGCUAUAUUGGAUUUAAUAUGAACAGAUUAUUAAAAAGCGAAAGUCAUUGCCCGUCUUAAUCGAAAGUGUACUUCGGUAACUAGGUUACCUGCUGAUUUCUCGCAAGGAUUGAGGCAAAGUCGAAGAGUAAAGCAACUUAGACCUUUAGCGGGGUUUUUGAUAAUUGAAAAACGGCUUAGUAGAUUGUGACGAUAUGAGUGAUUAGCAUUACUAAUCGUACAUGGUUAUUACUCGGAGGAAUUCGAGUGGAUAAGAGACUAAAACAUAAGGUCUCAAAAGAUAACUAAUUAAACGUGUAAUCUCAGCGA
2032,AP018399.1/357365-357778,CAGGGGCGUGUUGUAUUUGGUACUUCAAAAGGGUAUCGAGCAACGGCAACACACGUCCUGAGCAACAAAACAACUUCAUAGGUUAAUGAAAUUAAUUAAACGCAAAGUUGUUGCCGGUGCAUGAUGAAAGUGACGUAAUGCUUGACACGCAAGUGAAUCAAGCCAUUCCGAGGCUCGCAAGGCAGAGGGGUGUUGUGGGAAAGUCGCACGUUUGGGGUCGAACCCUUUACUGCUCGCAAGGCAGGCGGUAGACAGAACCAUGAAUAGUCAUGCACGACAGUGGAAAUGCCACCACUUUAAUCUAGGCCGUCAUGGUUGCUACUCACAUGAGUGAGUGGAUAACGGUAGAAACUUCGCUCGCAAGCGGAGUAUAAUGACCGGAAAGGUAACCAAUCAAUGCUGUAAUCUCAGGCA
2032,AP018399.1/38570-38983,CAGGGGCGUGUUGUAUUUGGUACUUCAAAAGGGUAUCGAGCAACGGCAACACACGUCCUGAGCAACAAAACAACUUCAUAGGUUAAUGAAAUUAAUUAAACGCAAAGUUGUUGCCGGUGCAUGAUGAAAGUGACGUAAUGCUUGACACGCAAGUGAAUCAAGCCAUUCCGAGGCUCGCAAGGCAGAGGGGUGUUGUGGGAAAGUCGCACGUUUGGGGUCGAACCCUUUACUGCUCGCAAGGCAGGCGGUAGACAGAACCAUGAAUAGUCAUGCACGACAGUGGAAAUGCCACCACUUUAAUCUAGGCCGUCAUGGUUGCUACUCACAUGAGUGAGUGGAUAACGGUAGAAACUUCGCUCGCAAGCGGAGUAUAAUGACCGGAAAGGUAACCAAUCAAUGCUGUAAUCUCAGGCA
2032,KM672662.1/16682-17048,UUAGGUAGUGUGGUAUUGAUGGGUUCAAAAGAUCUGUUAGCCACAGAGAAACCACUAUCUAUGCAAUACAAAUUUCAUUUUAGGAAAAAAUUAAAUUCAAAAGUGUUUCUCACGUUGGCAUGAAAGGUGCUUACAUAGUAAUGGGUUGUCCAUUGCACAUUUAACCUGAAAGGUUAUUUGUAUUUUCAUGAAAGGAUUAUGUUUGGUAGGCAUACUAGCAUAGUUUGAGUAUUGGGAGAGUAGUUCCAACGUCUAAGAGUGGUUAGCUAUACUGACCAGCACUGAUCACUACUAUAUAAAGUAUAGUGGAUAAUGAGGGAAAAGAUAAUCCUCUCAAGGUGGUCAUUUAAACGUGUAAUCUCAGCGU
2032,JN699628.3/56107-56520,GAGAGGCGUGAAGCAUUCUGUAGCUCAAAAGGUUACGGAACUUCAUGGGGAAGCACGUCUCUAGUCACAACUACCACGCUAUUGGUUAGCAAACUGUCCUGAACACAGUUGUAGAGGUUCGACUCCUCACAAAGCAAAAGCCUUUCCCUGCCGGUAAGCGAAAGCGCCACUAAUCCCCGACUGGGAGCAGAAUCGGGGCAGGACGAGCCCGCAAGGCGGAUCCUGUUUGUAGACGAGUAGUGCAGCCAUGGGACGGCCAUCCUAACGGCGAAGCCAAAGUCGCAGAGUAGCUUUCGGCAUUACGAGUGGUCAGCGUUACUGACCGGGCGUUGCACGUACACAGGGGACUGUGUGGACAAGCCGGGAAUCCAUAAUCCGGCGAAAGCGUGUGAAGGAAGGUUUAGUCUCUAGCCC
2032,MH697587.1/56107-56520,GAGAGGCGUGAAGCAUUCUGUAGCUCAAAAGGUUACGGAACUUCAUGGGGAAGCACGUCUCUAGUCACAACUACCACGCUAUUGGUUAGCAAACUGUCCUGAACACAGUUGUAGAGGUUCGACUCCUCACAAAGCAAAAGCCUUUCCCUGCCGGUAAGCGAAAGCGCCACUAAUCCCCGACUGGGAGCAGAAUCGGGGCAGGACGAGCCCGCAAGGCGGAUCCUGUUUGUAGACGAGUAGUGCAGCCAUGGGACGGCCAUCCUAACGGCGAAGCCAAAGUCGCAGAGUAGCUUUCGGCAUUACGAGUGGUCAGCGUUACUGACCGGGCGUUGCACGUACACAGGGGACUGUGUGGACAAGCCGGGAAUCCAUAAUCCGGCGAAAGCGUGUGAAGGAAGGUUUAGUCUCUAGCCC
2032,KY000079.2/25213-25581,UUAGGUAGUGUGGUAUUGAUGGGUUCAAAAGAUCUGUUAGCCACAGAGAAACCACUAUCUAUGCGAAAACAAAUUUCAAGUUUAGGAAAAAUUUAAAAUUCAAAAGCGUUUCUCACGUUGGCAUGAAAGGUGCUUACAUAGUAAUGGGUUGUCCAUUUCACAUUUAACCCGAAAGGUUACUUGUAUUUUCAUGAAAGGAUUAUGUUUGGUAGGCAUACUAGCAUAGUUUGAGUAUUGGGAGAGUAAUUCCAACGUCUAAGAGUGGUUAGCUAUACUGACCAGCACUGAUCACUACUAUAUAAAGUAUAGUGGAUAAUGAGGGAAAAAUAAUCCUCUCAAGGUGGUCAUUUAAACGUGUAAUCUCAGCGU
2032,MT658803.1/57539-57953,GAGAGGCGUGAAGCAUUCUGUGCCCCAAAAGGGUUCGGAACUUCAUGGGGAAGCACGUCUCUAGUCACAACUACCAUGCUAUUGGUUAGCAAACUGUCAUUGAACACAGUUGUAGAGGUUCGACUCCUCGCAAAGCAAAAGCCUUUCCCUGCCGAUGAGCAAAAGCGCCUUAAUCCCCGACUGGGAGCAGAAUCGGGGCAGGACGAGCCCGCAAGGCGGAUCCUGUUUGUAGACAAGUAGUGCAGCCAUGGGACGGCCAUCCUAACGGCGAAUCAAAAGUCGCAGAGUAGCUGUCGGUAUGACGAGUGGUUCACGUUACGGACCAGGCGUUGCACGUACACAGGGGACUGUGUGGACAAGUCGGGAAUCCAUAAUCCGACGAAAGCGUGUGGUCGAGCGGUUUAGUCUCUAGCCC
2032,QWEH01000007.1/93032-93476,GGGUGGUGUGUGGUAUUUUGUUCUCCAAAAGGGAAUGAAGCCACUGGAACAGCACAUCAUCAGUUGAAAGGAUAAAUAAUAAAUUAUAGUUUCUUAUUUGGGAAUAAGAGUCCAAUACAACAUAUUACAUUACAGUGAAAGCCUGUUCCACGAAAUAACGAAAGCGACUUAAUCCUUCACUCCAUGAGAAUGAAGGGGCUGAUGAGUCUCGCAAGGCUCAAAAGCUUUUGUUCCGAUUUGCAAGGUUCUCUUAGCGGAGAUUUGUAGCGUGGCAACGUUGACUGAAUUUGAAGAGCAGAGUAGUUAUUUCGAUGUGUCAUAUUAUGCUAGACACAUUAAACUAAAGCAGUCGUGGUCAUUACUUGAGCGCUUAUAGGUUCAAGUGGACACGUGAGGAAUACAUAAUCUCACUAAAGAUGACUAAGAAAGAGUUUAGUCUCAGCUC
2032,JAGWCR010000004.1/145605-145139,AGGCGUGUUGUAUUCUGGGUCCCAAAAGGGCUUGGAGCAACUGGGGCAGCACGUCUCGGUGGGUUGCGAGUAGCGCAGUUGGUAGCGCAAUGGCCCUCUAAGCCAUCGGUCGCCGGUUCAAAUCCGGCCUCACGAUAACAAAACGCAAAGCCUGUCCCGGUUGCGUGUGAAAGAUGCCUAAUGCCCAGCCCUGCGGGGAACUGGGUCACCUGAAGGUCGCAAGCUGGAGGGUGUCGGUGAGGAAGAGAUCGUAGCGGUGUAGCAGCCGCGAAGAGCCCGCAAGGCUCACGGUCGACGAGACGCCGAAUAGCACGCAGCGACGCGCGAAACGCCACGCGCUAAAAAAGGCGGCAUUGACGAAUACGUCGAGACAUAGCAAUAUGCUCGGCGUGGACAUCCCGAGAACCACGCUCGCAAGGCGUCGGAUAAUGCGGGAAGGUCGUCAUCGAAAGCGGUAGUCUCACGCU
2032,MW584202.1/62181-62624,GAGAGGCGUGAAGCAUUCUGUGCCCCAAAAGGGUUCGGAACUUCAUGGGGAAGCACGUCUCUAGUCAAAUCAUUCUCCGCUGCGAGAAUGACGUAGACCAACGGUAGGUCACCAGUUAUUGGAAACUGGAUGUGCGGGUUCAAGUCCCGUCGUCAAUAAAAAGCAAAAGUCCUUCCCCUGCCGAGGAGCAAAAGCGCCUUAAUCCCAGACCCUCGGGAAUCUGGGCCGCACAAUAGUCCCGCAAGGUGAGUGCGGUUUGUAGGCAAGUACUGCAGCAGUGAGACGGCCAUCUCAUCGCGAAGGGAAAGCCGCAGAGUAGCUUUCGGCAUGACGAGUGGUUCACGGUAACGGACCAGGCGUGAGAACUAGGUCAGGGAUGGCCUGGAGAAGCAGCGAAUCAAUAAUGCUGCGAAAGGUUCUCGAUAGCGGGUGUACUCUCAACCU
2032,MW584160.1/62659-63102,GAGAGGCGUGAAGCAUUCUGUGCCCCAAAAGGGUUCGGAACUUCAUGGGGAAGCACGUCUCUAGUCAAAUCAUUCUCCGCUGUGAGAAUGACGUAGACCAACGGUAGGUCACCAGUUAUUGGAAACUGGAUGUGCGGGUUCAAGUCCCGUCGUCAAUUAAAAGCAAAAGUCCUUCCCCUGCCGAGGAGCAAAAGCGCCUUAAUCCCAGACCCUCGGGAAUCUGGGCCGCACAAUAGUCCCGCAAGGUGAGUGCGGUUUGUAGGCAAGUACUGCAGCAGUGAGACGGCCAUCUCAUCGCGAAGGGAAAGCCGCAGAGUAGCUUUCGGCAUAACGAGUGGUUCACGGUAACGGACCAGGCGUGAGAACUAGGUCAGGGAUGGCCUGGAGAAGUAGCGAAUCCAUAAUGCUGCGAAAGGUUCUCGAUAGCGGGUGUACUCUCAGCCU
2032,MT188704.1/38209-38671,AGUAGGCGUGUUGUAUUCCGGGUCUCAAAAGGACUUUGGAGCGACUGGGUCAGCACGUCUCGAUGGGUUGCGAGUAGCACAGUGGUAGUGCAAUGGUUUCAGGAACCAUCGGUCGCCGGUUCAAUCCCGGCCUCAGAUAACAAACGCAAAGACUGACCCGGUUACGUGUGUAAGAUGCCAAACGCCCAGCCCCUCGGGGAACUGGGUCAUCCAAUAGCCGCAAGCUGGAGGAUGUCGGUGAGAGAGUGAACGGAGCCGGACGCACCGGCUAGUGGCUCGCAAGGCCAACGGGCAUGAAGCCGCCGAGUAGCACGUAGCGACAAGCGACACGCCACGCUUCAAAUAAGGCGGCAUUGAGCGAUACGCGGUUAGGGCAACCGGCUGCGUGGAUCAUAAGGGAACCUCGCCCGCAAGGCGGUGGAUAAUCCUUGAAGGCGCUCGCGGAAAGCUGUAGUCUCAGGCU
2032,MW578836.1/57985-58362,GAGAGGCGUGAAGCAUUCUGUGCCCCAAAAGGGUUCGGAACUUCAUGGGGAAGCACGUCUCUAGUCGCAACAUUACCUUGCUAUAGGAAAUAACAAGCACAAGCCUUUCCCUGCCGAGAAGCAAAAGCGCCUUAAUCCCCGACUGUGGAGCAGAAUCGGGGCCGUCACGAGCCCGCAAGGCGACGGCGGUUUGUAGACAAGUAGGGCAGCGGUGGGACGGCCAUCCCAUCCGCGAAUCGAAAGUCGCAGAGUAGCUUUCGGCAUGACGAGUGGUUCACGUACGGACCAGGCGUUGCACGUACUCAGGGGACUGAGUGGACAAGCUGGGAAUCCAUAAUCCAGCGAAAGCGUGUGGACGGGAGGUUUAGUCUCUAGCCC
2032,KF416342.1/50837-51296,CGAUGGCGUGGUGCAUUCUGUGGCUCAAAAGGCGACGGAACACCUGGGGCAGCACGUCGUCAGAUCGUAUGGCCUGGUCUCCCUAAGGGACCACCAAAGCGCUCAGGCAAGAGCACUACCAUUGGGAGGUAGCAACGGUGUAAAAGCCGUUUCCGGUUCGACUCCGGCAAAGCAAAAGUCUGUCCCCGCUAGCAACGAAAGUACCCUAAUCCCUAGGGCUUACGCCAACUAGGGCACCAGAAGGCUCGCAAGGCCGACUGGUGUUGCUAGACAAAGUAGUGCAGGUAGGGGGAGGCCACCCCUGACCGAAUCGAAACGUCAGCGAGUAGUUCGCUAGUGUAGGUAGUGGUUCCGCCAAUCAAACGGGACCGGGUACGGUGGCUGCAAGUGGGAGCUUGCGGACAAGAAACUAACACAUAAGGUUUCGAAAGGCCACUGGGAUAGGGUCAAGUCUACGCCC
2032,MH645904.1/38601-38184,UGACUGAGUGGAAUAUCCGGUUAUCCAAAAGGUAACGGGCUCCUGUGGGGACACUCAGUUGGGAAUGCUUAAAGAAGUAAUUAUGAAUAUUUGGUUUUCAUACAACUAACUUACAAAAGCAAAAGAGCCCCACGGUACAUGUUGAAAGGCGGUUAAUUCCUAGCCCCCUCAAGGAACUAGGAGCAUAGAAGGUCGCAAGCCUGAUAUGUUUUAUCGGAAAAAGAAUUUAGCGUCUUAGCGGAUGCGAACGGGUCGCAAGCUCGGAAGGAAUGGAACGAUAGAGUAAACAUGUAUGACACUCCCACAGCAUGGAGUCUAAAUAUUGCACCGCUGUUCGGAUACCAGUGAGAACUGGUGGAUAAGCCCUAAGACAUACGGGUAGUGAAAGACCGGACAUUUAAGGCUGUAAUCUCAGGCC
2032,FOEK01000052.1/1324-1761,UGUAGGUGUUUAGCAUUUUGUAGUCCCAAAGAUUACGAAACUAAUCCUACUGCACAUCUACAUCCGUGAUAUGAACUGGUUUUUAGCUCAAUUGGUAAGAGCAACUGACUUAUAAUCAGUAGGUUAAGGGUUCGAGUCCCUUAAGACUUCCCAAAGCAAAAGUCAGUAGGGGUUCAGAAUGAAAAUGCGUUAAUUCCGCAGCAGAAAUGUAAUGCGGAACAAUGGAGCCCGCAAGGCGAAGUUGUUUGAUCGAACAAGUAGGCAUUAAGAGAGUCCGUACAACUCUUUUAAGGUUGAAAAGUAGGUUGAGUAGUUCUGGAUUAAAAGGUACUGCCACCUUAAAGGCACGCAUAGCACUUACAUGUCGAAAGACAUGUGGAAAUAAGUCUAACUCAUAAGGGCUUUAAAGAGUGUCGGGUUUGUCUAUAUUCUCAGGAC
2032,LQBR01000001.1/458653-459125,GCGGAGCGUAGCAUUUCGCGGUUCAAAAGACCGUGAAACUACCGGGCACGCGCUUCGUGGCAGGGUAAGCAUUUAGCUCAGAUGGUAGAGCGUUGAUCCUAUAGUCAAUGGCGCUGGUUCGAUUCCGGCAAUGUUUCUAAAAAUGCAAAGACGUGUCCAGGUCUUGUCGAAAAUGGCUUAAUGCCGCGGUCCGCAGGGAUAACGCGGCCAGGGGGAGAGCCGCAAGCUCGACCCUUGUUGAAUCAGAAACGCACGGUGGUGUUAGCACACCUUGAUUGCCCGCAAGGCAGACGGUAGUGGAAGAUUCGAGUAGGCAGGAUUGAUACGGGAUUCGCCACCCGUCAAAAAAGGCAGCCAUGCAACCUACUGUCUUGCGCCCAUUGGCGGAUGCAGUGGAUACGGGAUUAACGGCAGCCCGCAAGCAUGCCGGUAAGGUCCUCAAAGGGUUGUGUCAGUGGCUAUAGUCUCAGGCC
2032,MH925094.1/44407-44827,UGACUGAGUGGAAUAUCCGGUUAUCCAAAAGGUAACGGGCUCCUGUGGGGACACUCAGUUGGGAUGCUUAACAUACAAUGAACUAGACAGUUAAUCUAAUCUUCAUAGGAUUUAUAUAAAAGCAAAAGAGCCCCACGGUACAUGUUGAAAGGCGGUUAAUUCCUAGCCCCCUCAAGGAACUAGGAGCAUAGAAGGUCGCAAGCCUGAUAUGUUUUAUCGGAAAAAGAAUUUAGCGUCUUAGCGGAUGCGAACGGGUCGCAAGCUCGGAAGGAAUGGAACGAUAGAGUAGACAUGUAUGACACUCCCACAGCAUGGAGUCUAAAUAUUGCACCGCUGUUCGGAUACCAGUGAGAACUGGUGGAUAAGCCCUAAGACAUACGGGUAGUGAAAGACCGGACAAUGUAAGCCGUAAUCUCAGGCU
2032,JF937105.1/58409-58832,CUGAGGUGUGAAGCAUUCUGUGCCCCAAAAGGGUUCGGAACUUCAUGGGGAAGCACAUCUCACGUCAAACAUUUAGCUCAGCAGUAGAGCAUCUCUUUGGAAUAGAGACGGCGGCGGUGCGAUUCCGCCAAUGUAACCAAGCAAAAGUUCUUCCCCUGCCGAGAAGCAAAAGCGCCUUAAUCCCCGACUGUGGAGCAGAAUCGGGGCCGUCACGAGCCCGCAAGGCGACGGCGGUUUGUAGGCAAGUAGUGCAGCCAUGGGACGGCCAUCCUAACGGCGAAGCGAAAGUCGCAGAGUAGCUUUCGGUAUGACGAGUGGUUCACGUACGAACCAGGCGUUGCACGUACUCGGGGGACCGAGUGGACAAGUCGGGAAUCCAUAAUCCGACGAAAGCGUGUGGUCGUGGCGGUUUAGUCUCUAGCCC
2032,ON758385.1/149720-149293,GGAGGUCGGGUAAGAAGCUGUCGCCCAAAAGGCUAUGGACUUACGAACCUGCUCGACCUUAGUGGGUAUUAAACUUUGACGGUUAAUCAAAACUUAAAAACGCAAAGUCAGGUUCGGUCGUAAGUGAAAGUGGCUUAAUCGUUGACACGAAAGUGAAUCAACGCAAUUUGAGGCUCGCAAGGCUGAUGAUUGUCUAUCAGGAAGUGCACCUAAGUGGAAGCCCCACUGAAUGGCUCGCAAGGUCAAGGGAAACGGGAAGGUAGAGUAGCUUACGAUGACAGAGGAAACGCCACCUCUUUAAACUAGGCAGCCAUGACGGUUAACAAUGAUGCAUCGAAAGAUGGUUGUUGUGGAAAAGUUGGGAAGGGCUCCGCAAGAGCUGAUAAUCCAAACGAAUGAAUCGUCUCGUCAGACUGUAUUCUCAGGUC
2032,SMMF01000572.1/1162-692,AUUUGGCGUGUUGUAUUCUUGCGGUCAAAAGUCGUGGGAGCAACUGGGACAGCGCGUCGAAGUGACUUGCGAUUAGCUCAGAUGGACAGAGCAACGGUUUAUGAUACCGUCGGUCGCGGGUUCAAUUCCCGUAUCGAUUGAAAAACGCAAAGACUGUCCCGGUUGGACCUGAAAGAUGCCUAAGCCUUGGCACGAAAGUGAACCAAGGUCCUGGAAGUCCGCAAGACGGAAGGGAUUGACGCGGAAGCGUUCGUUGGGGUCGCGCCCCCAUAACAGCUCGCAAGGCUGACGGAUGUGGAAAUGUCGAAGUGGGUCUGACGACGAGAGAAAAGCCACUCUCUAAAAAAGGCGGCAUUGAUCGGAUACCGCGUUACAUCGAGAGAUGAGCGUGUGUGGAUGAGACGGCAACCAGGACCGCAAGUCCUCGGGUACUCCGUGAAGACCGAUCGCCAAAGGCCGUAAUCUCAGGCC
2032,MW824422.1/75094-75514,UGACCAAGUGGAAUAUUUUGUUCUCCAAAAGAGAAUGAACUCCUGUCGGAACGCUUGGUUAGGUACUAAAUCAAAUAAACUUGAAUCUGUUAAAUUCGAAAGAUAUUAUACUUAGCUCAAGCUUCCGACGGUACAUAAUGAAAGGCAGUUAAUACCUCACGGUUACAUGAAUGAGGUGACAUGAUGCUCGCAAGGCUGAUUGUUUUUAUCGCAGAGUGAAUUUAGAUUUCUAGCGGAAUCGAACGGGUCGCAAGCUCGGAAGGAUCGAAAUGAUAGAGUAAUUAUGUAUGACAGGUCUACCGCAUGACCUUAUAAAAUGCACUGCUGAUAGGAUACUUGGGAGACUAAGUGGAUACGCCCUAAGGACAAGAGUCCAUACGGGUAGUAAAAGACCUAUUAUCGUUAGCCAUAAUCUCAGGCU
2032,BDOQ01000007.1/57354-57817,GCUGCGAAGCGUAUUCUGUGUCUCAAAAGGACAUGGAGCGUUUGGACACGCUCGCGGCGGUGGGUUGCAAUAGCUCAAUUGGAAGAGCGUCAGAAUUGAUAAUCUGAAGGCUGUGGAUUCGAACUCCACUCGCAUUUAAACGCAAAGUCGUGUCCGACAGCACAUGAAAGUGGCUUAAUUCUGCCCACGGCGACGUGAAGGCAGACAUCCAAAGCUCGCAAAGCUGAGGGUGUUGAUUGGAAUCCGCACGUAGAGGCUGCAACCUCGAACGGCUCGCAAGGUCGGCGGUAGGACGAUAAUCGAGUAGUGUGUUGUGUCAUGGAGGAAGCCUUCCUUGGCGAAAGCCUAAAACGGCAGCCACGGUGCCCGACUCCUUUGAGGGGUGGAUAAGCCAGAAACGCUGGGACGCAAGCCCGGCGAUAACCUGAGCGAACGGGGUGCUAUUAAAGCUGUAAUCUCAAGCU
2032,GG697136.1/62575-62203,AGGCGGUGUGGAGCAUUCUGUUACUCAAAAGGUAACGGAACUCCUGCAAGGCCACAUCGUUGAAUUGACCGGUAAAUAAUACAAUCUAUUAAACAUUAUACUUACAAGCAAAAGUGCUUUGCCUUCAUGAGUGAUGUGUUCUAAUACUCACCGUUACAAUAACGAAGUGAGUGCCGUGGCUGUUCGCAAGACGAAACGGUUCAGUAACUAGUAGCGCAAGUUAGAUGUUAGCUGCAUCUUACCUAAGUGAAACGUGCCGAGAUACUUAUGAAGUAAUAAUAUGAACAUGAACGAUACGUUAGGGAUAGCGUGGAAACGUUGCGAAAUCAUAAUGCAAUUAAAGGCGUUCGAGCUGUGGCUAUAUUCUCAAGCC
2032,MT270409.1/22806-22339,GAUAGGUGUGUUGUAUUCUGUGUCUAACAAGGCAUGGAGCAACCGAGCCAGCACAUCUCAGGGAAUUCAGUAGCUCAAUAGGAUAGAGCAAUGGUCGUCUAAACCAUCGGUAGCGGGUUCAAAUCCCGUCUGAUCUUAAAAAGCAAAAGACUGGCUCGGUGCCACGUGAAAGGUGAUUAAUGCCGGACCCCUCGGGGAAUUCGGUGCACCCUAGCUCGCAAGGCGACGGUGUUUGUUCGAAGGCAAGACGUAGCUUCUUAGCGGAGGCGAACUGCUCGCAAGGCAGACGUUACGGCGACGGACGAUUAGCGUGACACGACAGGACUACUGCCUUGGUCCUCAAAAACGGCAUCACUGAGAGAUACAUGGUGAGCGGAAGCCACCAUGUGGAUAGGUCCUAACCAAGUCUGUCGCAGGACGCGGGUACGGGAAACCAAAGGCUCUCGCUGAAAGGUGUAAUCUCAGCCU
2032,JX100813.1/102774-102288,GAGGCGUGUUGCAUUUCUGGGGUCAAAAGCUCUGGGAACAACUGGACCAGCACGUCUUGGUGGGUUUGCGAAUAGCACAGUGGUAGUGCAACAGCCGUCCUAGCUGUCGGUCGCGGGUUCAAUCCCCGCUUCGAUGAAAAACGCAAAGACUGGUCCAGUGGCGGACGUAAGUCGCCAAAUGCUCCGGCCCUCGGGUAACGGAGUCAUCUCAAGGGUCGCAAGCCCGCGAGGUGUCGAUAGGAAGAGCUUCGUCAGCCGGUUAGCGCCGGUGAGUGGGUCGCAAGCCCAGCGGGGAAGGAACUGUCGAGUAGUUCGCCAUGAUGGGUCAAACGCCAGACCCGCAAUCCCUUCGGGGUGCGCAAGAACGGCGGCGAUGAUCUCGGACUGGACUACCGCAAGGGGUCUGGUGGACGUCGAGGGAAUACCUGGGGUCGCACCUGGGGAAUAAUCCUCGAAGCGGGAUUGCUGAUGGGUGUAGUCUCAGCCC
2032,VOHM01000040.1/9075-9495,UAAGGACGUGAAGCAUUUUGUUGGCGGAAACGCGAACAAAACUUCGAGAGGAAGCGCGUCUUACGUCGGCGAAUACACUCAUUUGGGAGUGCCUUAUAGGUAUUUGGUUCGAGACCAUUUGUAUCGUUUCUUUUUGGUGCAAGCAGAAGCCUUCCUCCGUGAUAACUGAAAGUGCCUUAAUGGUUUGCAGGGAAACUUGAACAAACCCCGCGUGUUGGCGGCAAACCAGCGCGCGGUUCAUGCGGAAGUAACGCAGCUCAGGGGCUUGCUACCCCACGAGCGAGGUGAAACCCGUGGAGUAAGGAAUCACGUAAAGAGCGGUGGGCUUAACCCACUAGGCACGGUGAAUACCGCAGCGAUGCGGUGGAUACAUUGCGAACCCAUAAUGCAAUAAAAGUUCACCACCUGGAGCGUCGAAUCU
2032,BAED01000004.1/51174-51628,CGAGGGUGCGUGGUAUUCCGUCUCCAAAAGGGGCGGAGCCACAAGGGAAAGCGCAUCCUCAGUCAGAUUUCCACUAGCUCAAUUGGCAGAGCAGUUGACUUCGGAUCAACGGGUUGACGGUUCGAGUCCGUCGUGGGGUUCACACCCAAGCGAAAGCCUUUCCCCGGCAACAGUGCGACAGUGUCCUAAUCCCUGACCCGGCAACGGGAAUCAGGGCGCCCGAGGGUCCGCAAGACCCGGAGGUGUUCAUGCGCGAGUAACGGUAGCGGAGAGACCGGCCGGUCUUUCUUCGACGCCAAAGCGGUGGAGAAGCUGUUGUCGUGACGCGUGGUGCCACGUACGGCACUGGACAUGGUGACUACCGUCGAGAGGCGGUGGAUACGCGGAAAACCCCCUGGCAGGGGGAAUACAGCCCGCCAAAGGUCACCGGGAGCGGCGAGGUAAUCUCACUCGCC
2032,KT870145.1/8467-8900,GAGGUGUGUUGUAUUCUGGGCCUAACAAGGUUUGGAGCGACCGUGCCAGCACGUCUCUGGGAAAACACAAUGCCUGCAAGGGCGUUUGAUUUAGGAUCAAAUCUAGUGAAGCAAAAGACUGGCACGGUGCCGUGAGAAAGGUGGUUAAUUCCGGAGGGCUUGCCCAAUCCGGAGCGCAGUAGGCCGCAAGCUGAAUGCGUUCGUUCAAGACCAAGACGUAGACCCUUAGCGGGGUCGAGCUGCUCGCAAGGCAGGCGUGGCGAGAAAGGAUGAGUAUCACGGCGCGACAUGGGAACAGCCUCCCAUUCAAAAAGGCACCGCUGAUGGAAUACGUGGAGAGGGUCAAACCGCCACGUGGAUACGGCCCAACGAAGCUCGCAAGGCUCCGGUACAGGCAUCCAAAGGUCCAUCGGUCUCGGGCAUAAUCUCAGCCC
2032,URS0000710B35_12908/1-408,UCGGGGCGUUCUAUCUAAACUUCUCAAAAGGAAGCAAGGUAGAUGCGUGGUUGCGCGUCCUGAAUUAUGGCAUUGUUUUCGGGUUAAAUCCCACUUAACAAUUAAAAAAUUAAGCAAAAGACAACCACCUUUCCCGCUGACAAUAGCGUUAUCCCUCUGCACUUCGGUAAUAUGAGGGCACAGUAAAUCCCGCAAGGAUGAGAAUGUGAUGUGGAAUGAGUAAAUCUAAGGUGAGGAGGCAUCCUCUUUAGUCCGCAAGACACUUGGUUGAAAAGAAAGCAUAUAUAAGCUGGAAAGUACAUGGUAGUUAGUCUACUCGCUAUCCUAGUUACUUUGGAGUAAUCUAAAGUGUGUGUAAACGGGCGAAAGUCUGUAAAAUACUGGGGACAUAGGGUCAACACUCAGCCU
2032,URS0000D6852E_12908/5-498,GUGGUGUCUGGUAUUUCGUGUUGAAAGAUACGAAGUCAGUGAGGCCAGCACGUCAUGGUAGGUUACUAGCGGACUCAUACUCCGUUGGGUUGUAGCUCAUUUGGGUAGAGCACUCGUUUUUGGAACGAAUGGUAGCCGGUUCAAAUCCGGUCAACUCAUCCUUGAAAGAUGAAAAAACGCAAAGACUGGCCUCACAGGUAGUACGAAAAUGGCUUAAUGCUUCAGUCCUUCGGGCAAUGAAGCCCUUCGAAGCUCGCAAGGCGGACAAGGUUAGUAGCGAAGCGCACUAUAGCGACGGCCAUCGUUGUAGGUAGCAGAACUACUGAGUACGCUACUUGAUACGUGAAUCGCCACACGUUAAAAAAGGCAGUCAUGCUGGCAGACUCAGGAGCAUCCUUGAUGGAUGGCUUGGGUGGAUAAGCUGGGAACCAAAGGGGUCGCACCCUACGGAUAAUCCAGCAAAGGUGUUAGCGGUGAAGGUGUAAUCUCAGCCU
2032,ABOX02000006.1/193416-192978,AAGGCGUGCAGUAUAGCGUGAUCCAAAAGAUCAUGAAGCUGCAAGACGCGCACGUCUUGGUAGGAUUGCUGCUGCAGGCAACUGUAGCACCUGACUGAAAAUCAGGCUAAACGCAAAGUCGCGUCUUCUGUUGGAUUGGAAAGUAGCUUAAUCCCUGAAUCCUGCGGGAUAAUCAGGGCGUCCGAUGCUCCGCAAGAGCUGAGGACGUUGGUUGAAAUCGCAUGGUGGGUUCGCAGCCCUUUACUGCCCGCAAGGCAGACAGUAAGAGGACAGCCGAGCGAUCCAAUGGUGAACUGGCAAUGCCACCAGUAUAAAACGGCAGCUAUCGGACUUACCAGAUUGUGGCUUCGGCCUGGUUUGGUGGAAACGUUGGGAAGCCUUCCCGCAUGGAGGGUAUAAUCCAAUCAAAGAGUCCGAACCAAAACUGUAUUCUCAGGUU
2032,ABHI01000002.1/126521-126020,AGGAGAAGGUUGGUAUUUUGUAGGCAAAAAUCUACGAAGCCAUUUUCGAAGCCCUUCUCCUAGGUCAAAGUUUUGAAGUCUAGGUUCGAUUCCUAGUAUCUCAACCGAAAAGGGGAUAUAGUUCAACUGGUAGAGCACUGUAUUUUUCAUACAGCGAAAGGCACAAGACUUCGAACAUUAUAGCAGUUAGUAGUUGCCUAAACCCAUUGCAAUAUAUGGGACAGUAGAGGUCGCAAGCCUAUACUGUGCGGUGAACAUUCUAGUAGGCCGCCUCAACAGAGGACGUCUAUGAAUGGUGAGGGAGCCAACCCUUGUAAUUGCAAAGCGUGGUUUUAAUACCACUAUGCAAGCCAAGUCUAAGUCGCUGAACAUCUAUAAUGUAUUAGGCAUCAGGUAAGUACACAAUUCUCUAAGCGAUGAGAAGCGUGUGGAAAAUUAGGGAAGGGCUACGGCUAUAAUCCUAAGAAAGCUUAUCUACAAGCGGAGGUAUUCUCAGAACGCU
2032,URS0000D6AFE5_12908/1-419,AGAAGGAGCGCGGCAUUCGGCAUCUCGAAAGGGGUGUCGAACCGCAGGUGACGCGCUUCUCGAUCGGUUUCCUACACUGGGAAGUGGUUGCGAACCAUUAAAGCAAAAGCCGUCACCCCUGGUCGAGCGCAACGACUUAACACUGCGGGCGCAAGCCAACGCAGUCGGUUGAUUCUGCAAGGAGUCACCGUUGAUCUCGGAGGAUUCGGAGGGCGUAAGCUGCCCUAGCCGGACGCAAAGCGGACGGGUCCGAUGAGGUCGAAAGCAAGAUCAGCAGGGAUGAAAUGCCACAUCUUAAAAAAGGCAGUCGUGCUGGAUACGCCGCAGUGAGAGCCGCGAGCGUGGACAAAGCGGGAACACCGGCUAGCUGCCGGGAGAUAUCCGCGCAAAGGCCAGCGAUGACGGCAUAGUCUCAGCCC
2032,URS0000D6B11A_12908/2-427,GAGGCGUGCGGCAUAGAGUGGCUCAAAAAGUCAUUCAACCGCUGGUAGAGCACGUCUUUGUCAGUUCCUCGCUAGAGGGCAAACACUACGGAUGUUCUUGUUAAACGCCAAGUCUCUACCCGCGAGCCGCGAAAGCGGCAUAAUGCUCGGGGCUUCGGCCAACCGAGUCGGCGACGGUCCCGCAAGGGCCUAUCUGUUGAUCGUGAAAUUGUCGGAGACGUUAGCGCGUCUCGCUGCCCCGAAGGCAGACGGUGAGGAAGUGAUCGUGUAGUGGUUCGUCAGGGGUGAAACGCCACACCCUAAAAAAGGCAGUCGUGAUGGCUACGCCGGAAGUGAUGAGCUACGGUUGUGGACAAGCGGGAAGCCUCGGUGCCACCGGGGGAUAAUCCGACGAGAGGCCAUCGAUGAAGGGUAUAGUCUCAGCCC
2032,URS000070F468_12908/1-413,CGUGGACGUGUUGUAUUUUGUGGGUCAAAAGCCUAUGAAGCAACGGCGGCACGCGGACACAGACUAAAAAAUAACUUUCACGAUUAUGAAAAUAAACAUGCAAAGUUGUCGCCAAGAAUUGAUGAUAGAACCGUAAUGCUCAACGGGUAACCGAAUUGAGCCAGUCCAAGACUCGCAAGGUUGAGGGUUGUUGUGGGAAAGUCGCACGUUUGGGGUCGAACCCUUAACUGCUCGCAAGGCAGGCGGUAGAUAGAACCAUGAGUAAUCAAUUCUUAUAGUGGAAAUGCCACCACUCAAAACAAGGCCGGUUCGGUUGAUUCGUCCAUGAGGACGAGGAUAAGGGUAGAACGUCUUACUAGCACUAGGACGAUAAUGACCCGAAAGGCAACCUUCAAAUGCUUUAAUCUCAAGCA
2032,URS0000D66A22_12908/2-459,UUGGUGAGUUGUAUACUGUAUGCCAAAAGCAUAUGGAGCAACUGAGGCAGCUCAUCAAGGUAGGUUGCAACGUAGAUCAAUGGUAGAUCGUCUGUCUCUUAAACAGGAUGUUGCGGGUUCGAUCCCCGCCGUAAUAAAAUGCAAAGACUGCCUCGGUUAUCAGUGAAAAGCAUCUAAUGCUUGACACGCAAGUGAAUCAAGUCCAUUGUAGCUCGCAAGGCGAAAGUGGUUUGUGUUAGAAGUUUCGUAGUUCGCAAGACUUAAUGGCUCGCAAGGUCAACGGAGAAGAAGACACAGAGUAGCUGGUAACGACAAGCCUACUGCCUGGCUUUAAAAACGGCGAUGCUGACAACAGACAGUGAUACCGCAAGGGUCGCUGUGGAUGUCUAGAGAAGCAGUGCUCGCAAGGUGCUGUAUAAUGCUAGAGGUGUUGUUGGCUUAAGGUGUAAUCUCAACCU
2032,URS0000624918_12908/1-465,GUGGUGAGUUGUAUUCAGCAUUCCAAAAGAUUGUUGAGCAACAGUGGCAGCUCAUCGCGGUAGGUUGCAAUUAGCCUAAUGGUAAGGCAUCAGUCGCUUAAACUGGAGACUGUAGGUUCAAAUCCUACAUUGUAAAUCAAAAAUGCAAAGACUGCCACGGUCAUGUGUGAAAAGUAUCUAAUACUUGACACGUAAGUGAAUCAAGUUUAGUGAAGCUCGCAAGGUGACACUAAUUUGUGGAGGGGGGUUCGUAAGUGGUUAGCACCACCGAAUAGCUCGCAAGGCUAACGGAAUGGAAUCCGCAGAAUAGCACAUGAUGACAAGACUACAGCCUGUCUUUAAAAACGGCGAUACUGGUAACAGACAUAGAUACCGAAAGGGUUUAUGUGGAUGUCAAGAGAAGGUAUGCUCGCAAGGUGUACUAUAAUGCUUGAGGUGUUACUGGUUAAGAUGUAAUCUCAGUCU
2032,CP000416.1/1118883-1118471,CGGCCCAGUGAAGCAUUUGCUUUCUCAAAAGGAAAGCGAACUUCUGGCGAAGCACUGGGUUCCGAAUAAGAUGAAUUAUUCCUAGCUAAGGAAUAGUAUGUUAAACCAUUAAAUAUAACAUUAUCUAAAAUGCAAAAGUCUUCGCCUGCUGUAUCUGAAAGUAGUCUAAUGCUCCACACACAAGGGGUGUGAAUGGAGCGUCGAUGAACUCGCAAGGUGAUUCGAUUCAGUAGCGAGUAGUGCAACCGAGUGGGUAGCUCCCAUUUAGUGAAUCGAAAGCUGCUGAGUAGGAUGCAGUAUGAACGGGUGGAACUCCUUCCACCGACUAUGGCAGUUACACGAGGGAUCGUGUGGAAACGCGACUAAGAAAUAAGGUCGUUAAAGACUGCUGCUAACGGAUGUAUUCUCAAUCU
2032,URS00006982F9_12908/1-422,GGAGAUUGUUUACAGUAUUCUUGUCUGAAAGGAUGAGAGCUGUAAUUUAAGAGCGCAAUCUUCACUUCGCCCCUUUUCUGCAUAAUCCUUGUUUAGCCAAAAGGCGUAGAUAACAAGUUCAUUAACAAGAAAAGCAAAGAGUCUCUUAACGGUUAAGAGCAUAGGGCACUUUACCUCUGAAACAAUGAGGUGCAUUAAACCCGCAAGGUUUGGUGUUCAUGAUGAAAGGUCAGGUUGGUUCGUACCCAUUAGACGGUCGGCAGACUUGUACUGAACUGAGUAAUUGUGUAGAUAACUUAACCGAUAAGACUGAUGAGCUAUACUCAUUGUGCCUGAUACUGUACUAAUCGCAAGAUUGGUGGACAAAAGAGGGAAUAGAUAAUCCUCUCAAAGUGGUAUCGCAAAGCCUGUAGUCUCAAGGC
2032,JX409894.1/31726-31351,AGCAGGCGUUGCGCAUUUUGUUGUUCAAAAGGCGACGAAACGCAAGGCAAUGCACGUCUGCGAUACACGAAAACAAUGCUAUUUGUUGAAAAUAUUGGAAUAAAGCAAAAGUCAUUGCCCGUCGCAAACGAAAGUGUGCUUCGGUAGCUAGGCUACCUGCUAGAGUCUCGCAAGGAUAAUAGCAAAGUCAAAGAGUAAAGCAGCUUAGACCUUUAGCGGGGUUUUCGUUAAUUGAAAAAUGGCUUAGUAGUUUGUGACGUAAGGAGUGGUUAGCGAUACUAACCGCGCAUGGUUGUUACUUGAAGGGAUUUGAGUGGAUAAAAAACUAAAACAUAAGGUUUUGAAAGACAACUGACUAAACGUGUAAUCUCAGCGU
2032,HG799490.1/23999-23607,AGCAGGCGCUGUGCAUUUUGUUCUUCAAAAGAGAAUGAAACACAUGGCGAUGCGUGUCUGUGAUAGAUGAAAGAUGAUUUUUAUAUUUUAAGGCUAUUCAAGAUAGAAAAAACUCAAAAAAGCAAAAGUCAUCGCCCGUCGUAAACGAAAGUGCACUUCGGCAAUUAGAUUGCCUGCUCAAGUCUCGCAAGGAUGAGAGUAAAGUCAAAGAGUAAAGCAGCUUAGACUUUUAGCGGAGUCUUCGUUAAUUGAAAAAUGGCUUAGUAGUUUGCGAUGUGAGGAGUGAUUGGUCUAACCAAUCGUGCAUGAGUGAUACAAGUAGGAAUAUUUGUGGACAAGAUAAUAAACUAUAAGUUAUCAAAAGUCACUCGUUUAAAGCAGUAGUCUCAUGCU
2032,HG799496.1/23475-23083,AGCAGGCGCUGUGCAUUUUGUUCUUCAAAAGAGAAUGAAACACAUGGCGAUGCGUGUCUGUGAUAGAUGAAAGAUGAUUUUUAUAUUUUAAGGCUAUUCAAGAUAGAAAAAACUCAAAAAAGCAAAAGUCAUCGCCCGUCGUAAACGAAAGUGCACUUCGGCAAUUAGAUUGCCUGCUCAAGUCUCGCAAGGAUGAGAGUAAAGUCAAAGAGUAAAGCAGCUUAGACUUUUAGCGGAGUCUUCGUUAAUUGAAAAAUGGCUUAGUAGUUUGCGAUGUGAGGAGUGAUUGGUCUAACCAAUCGUGCAUGAGUGAUACAAGUAGGAAUAUUUGUGGACAAGAUAAUAAACUAUAAGUUAUCAAAAGUCACUCGUUUAAAGCAGUAGUCUCAUGCU
2032,KT337365.1/17794-17402,AGCAGGCGCUGUGCAUUUUGUUCUUCAAAAGAGAAUGAAACACAUGGCGAUGCGUGUCUGUGAUAGAUGAAAGAUGAUUUUUAUAUUUUAAGGCUAUUCAAGAUAGAAAAAACUCAAAAAAGCAAAAGUCAUCGCCCGUCGUAAACGAAAGUGCACUUCGGCAAUUAGAUUGCCUGCUCAAGUCUCGCAAGGAUGAGAGUAAAGUCAAAGAGUAAAGCAGCUUAGACUUUUAGCGGAGUCUUCGUUAAUUGAAAAAUGGCUUAGUAGUUUGCGAUGUGAGGAGUGAUUGGUCUAACCAAUCGUGCAUGAGUGAUACAAGUAGGAAUAUUUGUGGACAAGAUAAUAAACUAUAAGUUAUCAAAAGUCACUCGUUUAAAGCAGUAGUCUCAUGCU
2032,URS00006D7BBB_12908/1-421,GAAAGUUGAGUGGCAUUUGCUUCUUCAAAAGAGAAGUUAACCACCUCAGAGCUCAACUUUCAUUACACUCACUAUGUUGGAUUAAUUAAAAAUUAAAACUACAGAAAGGAAAAGUCUCUGAGCGGUUAAACUGAAAGUCACCUAAUUCCUUGGGUAGAAAUACUAACAAGGAGAUUGACAGGACCCCAAGUCCUUCAGUUUUGACUAAGAAAGUCCUAGUACCUGGGCACGGGUUUAGGGAGUCCGCAAGAUUCCAUAGAGAUGAGUAACAGUUGAGUAGGGUUAACCGAAACGAGUGAUUGACGUAAACAAUCGGUGAUGACUUGAUACCUUUGGCAACAUCGGUGGACACGGGAGGAACCCAAUGUAGAAUGGGAUAAUCUCACAAAAGACAGGUCAACGAAACGUAUAGUCUCAGCGU
2032,URS00006945ED_12908/1-421,GAAAGUUGAGUGGUAUUUCCUUCUUCAAAAGAGAAGCUAGCCACCUCAGAGCUCAACUUUCAUGACUCUCACUAUGUUGAUUUAUUUAUGAAAAAAUAAACUACAGAAAGGAAAAGUCUCUGAGCGGUUAAACUGAAAGUCACCUAAUUCCUUGAGUAGAAAUACUAACGAGGAAAUUGAUAGGACCCCAAGUCCUUCAGUUUUAACUAAGAAAGUCCUAGUACCUGGGCACGGGUUUAGGGAGUCCGCAAGAUUCCAUAGAGAUUAGUAGUAGUUGAGUAGGGUUAACCGAAACGAGUGAUUGACGUAAACAAUCGGUGAUGACUUGAUACAGAUGGCAACAUUUGUGGAUACGGAAGGAAACCUUAGUACGGUAUAAUCUUCACAAAAGACAGGUCAGUUAAACGAGUAAUCUCAUCGU
2032,URS000072C429_12908/1-421,GAAAGGUGAGUGGUAUUUACUUCUUCAAAAGAGAAGCUAUCCACCUCAGAGCUCAUCUUUCAUCACACUCACUAUGUUGAUUUAUUAUGAAAAAAUAAACUACAGAAAAGGAAAAGUCUCUGAGCGGUUAAACUGAAAGUCACCUAAUUCCUUGGGUAGAAAUGCCAACAAGGAAAUUGACAGGACCCCAAGUCCUUCAGUUUUGACUAAGAAAGUCCUAGUACCUGGGCACGGGUUUAGAGAGUCCGCAAGAUUCUAUAGAGGCAAGUAGUAGUUGAGUAAGUUUGACCGAAACGUGUGAUUGUCGUAAACAAUCGGUGAUGACUUGAUACUGAUGGCAACAUUAGUGGAUACGAGAGGAAACCUUAGUCGGGUAUAAUCUCUACAAAAGACAGGUCACUUAAACGAGUAAUCUCAUCGU
2032,URS000063E4BF_12908/1-412,CGGAGUCGUCCAGUAUUCUUGAGUUCAAAAGAUUUGAGAGCUGAGAGGUGACCACGACUUCGACAAAUCUACACGGCACUAAAUUUCUAACUGUUAAUUGGAAACAUUUAAAAAAGAAGAAAUCGAAAGUGUUACCUAGUUGUUGACGAAAGGUGUCUACAUAGUUAUGGGUUGUCCAUAGCCACUGAAGCUCGAAAGGCCGAUGUGAUUUCACCUAAAAGCUUAUAGAGGGUCGAGCCUCGAAUCAGUCCGGCAGGGUUGAAUAAGUGGAUUAAGUGAGAGUAGUUAACAACUUAAGUAGUGAUUGGUCUAACCAAUCGACACUGACAGAAUACUUCUCAAAAGGAAGUGGAUAAGAAGGGAAACCAUAAUCUGACAAAAGUUCUGUCUUUAUAAGGUGUAAUCUCAGCCC
2032,URS000065D934_12908/1-396,CGGAGUCGUCCAGUAUUCUUGAGUUCAAAAGAUUUGAGAGCUGAGAGGUGACCACGACUUCGACAAAUCUACAGGCACUAAAUUUCUAACUUUAAAAAGAAGAAAUCGAAAGUGUCACCUAGUUACUGACGAAAGGUGUCUACAUAGUUAUGGGUCGUCCAUAGCCACUGAAGCUCGAAAGGCCGAUGUGAUUUCACCUAAAAGCUUAUAGAGGGUCGAACCUCGAAUCAGUCCGGCAGGGUUGAAUAAGCGGAUUAAGUGGAGAGUAGUUAGUAACUCAAGUAGUGAUUGGUCUAACCAAUUGACACUGACAGAAUACUUCUCAAAAGGAAGUGGAUAAGAAGGGAAACCAUAAUCUAACAAAAGUUCUGUCUUUAUAAGGUGUAAUCUCAGCCU
2032,URS000066C161_12908/1-412,GAGAGUAGUUGAGUAUCAGGUCGCUCAAAAGGUGAUUUGGCUCGGGUGGCGGACCACUACUUUCACAAUCCACGACACACAACUUAUGGAAACUAUUAAUUCCCAAAUUAAAAAGAUCAUUAAGGAAAAGUGUCCGUCAGGUCUAAUUGAAAGGUGACUACUUAGUCGUGAGCUGUUCACGGCACACAAGGAUCCCAAGUCUGAGUGUAAUUUUACCAAAGACCUCUAAUCCCGCAAGGACGAGCUGGGGAGGCAUCCUCGGAGAGAGUUGAGUAAUGAGAGAGUAGAUUAGACCUCAAGGAGUGGUUUACCUAAAUAACCGUCACUGAGAAAUACUUCUCAAAAGGAAGUGGAUAGGAGUAGAAUAAAUAAUGACUCUAAAGGUUCUCACAAAAAACUGUAAUCUCAGGUU
2032,URS000065E4E8_12908/1-405,CGGAGUAGUCUAGUAUUUGGUCGUUCAAAAGAUGACUAAGCUUACGACAGACCACUACUUCGACACAUCCACGACACACACUUAAAAUGAAUUUAAGUCAAAUUAAAUACAAUUAAGCAAGAGUGUCUGUCAGGUAUCAGUGAAAGGUGACUACAUAGUAAUGAGCCGUUCAUUGCACAUGAUGACCGCAAGUCUGACUGUAAUCUUACCAAAGACCUCUAUUCCCGCAAGGAAGAGUUGGGGAGGCAUCCUCAAAGAGAGUUGAGUAAUUAGAGAGUAAUUGAUACCUCAAGGAGUGGUGUACCUAAAAGACCGUCAUUGAGAAAUACUUUCCAAAAGAAAGUGGAUAUUAAGGGAAACAAUAAUCCUUAUAAAGGUUCUCACAAAUAGGUGUAAUCUCAGCCU
2032,URS00006C3EDA_12908/1-411,GAGAGUAGUUGAGUAUUUCGUUGUUCAAAAGAUAACGAAGCCCGUGGCGGACCACUACUUUCACAAUCCACAACACAAAAACUUAUGACACUGAUUAAGUCAAAUUAAUUAUUAAGAAAUAAGCAAAAGUGUCCGUCAGGUAAUAGUGAAAGGUGACUACAUAGUAAUGAGCCGUUCAUUGCACGAAAGGAUCGCAAGUCUGAUCGUAUUCUUACCAAACACCUCUAAUCCCGCAAGGACUAGUUGGGGAGGCAUCCUCGAAGAGAGUCGAGUAAUAAGAGAGUAACUAUUAUCUCAAGGAGUGGUACACCUAAAAGACCGUCACUGAGAAAUACUUCUCAAAAGGAAGUGGAUAGGAGUAGAAACAAUAAUGACUCUAAAGGUUCUCACAAACAGGUGUAAUCUCAGCCU
2032,URS00006B2A5C_12908/1-412,GAGAGUAGUUAAGUAUCGACUCAUCCAAAAGAUGGGUUGGCUUGGUUGGCGGACCACUACUUUCACAAUCCACAACACAAAACUUAUGACUCUGAUUAAGUCAAAUUAAUUAUUAUGAAGUAAGGAAAAGUGUCCGUCAGGUUUGAAUGAAAGGUGACUACAUAGUAAUGAGCCGUUCAUUGCACACAAAGAUCCCAAGUCGAUGUGUAAUUAUCCCAAACACCUUUAGUCCCGCAAGGACGAACUGGGAAGGCAUUCUCAGAAAGAGUCAAGUAAGAUGAGAGUAAUUUAAACCUUAAGGAGUGGUAAACCUAAAAGACCGUCACUGAGAAAUACUUCUCAAAAGGAAGUGGAUAGGAGUAGAAACAAUAAUGACUCUAAAGGUUCUCAAUCAAACGUGUAAUCUCAGCGU
2032,URS00006672EE_12908/1-413,AGGAGUAGUUUAGUAUUCUGUUGUUCAAAAGAUAACGGAGCUUACGGUGGACCACUACUUCUAUCAUCACGACACACAACUUUAUUUUACGUUCAGAAGUAAAAUUCAUGAUAUAAACAUAAAGCAAAAGUGUCCAUCAGGUUUUGAUGAAAGUCGCCUACACAGUCAUGGGUUGUCCAUGGCACACAGAGACCGCAAGUCAAAGUGUAUUUUUACCAAAAACCUCUAAGGGGUCGAACCCUGAGUCAGGUCGCAAGCUUGAAGAGAGUUGAGUAAUGAAAGAGUAGUUAAAACCUUAAGAAGUGAUUGGUCUAACCAAUCGGCGAUGAGAGUUACCAUUCAAAAGAUGGUGGAAACGAAGGGAACCACAUAAUCCUUUAAAAGAUUCUCAAAAUUAGGUGUAUUCUCAACCU
2032,URS0000627B57_12908/1-410,GAGAGUAGUUCAGUAUCGAGUCGUUCAAAAGAUGACUUGUCUGGUUGGCAGACCGCUACUUUCACCAUCCACAGACCAAAAACUUUGCAUUUUUGAAGUAUGCAAAUACUAAGAGACAAAGGAAAAGUGUCUGUCAGUCGUAGGCGAAAGGUGACUACAUAGUAAUGAGAUGUUCAUUGCCGUUGUGGGUUCCCAAGACCCAAACGAUUCUUGAGAACGUUCUCUAAUCCCGCAAGGAUUCACUGGGGUGGCAACCUCGGAGAGUAACAAGUACAAAGAGAGUAACCGACGACUCAAGGAAUGGUAACCCUAAGUGACCGUCACUGAGAAUUACUACUCAAAAGGUAGUGGAAACGGGAAGAAAAAAUAAUGUCCCCAAAGAUUCUUAAUCAAAGGUGUAUUCUCAACCU
2032,URS0000668E35_12908/1-407,GAGGGUAGUUUAGUAUCGUGUCGUUCAAAAGAUGACAUGGCUGGUGACGAGCCGCUACCUUCCUUAUCCGUAAACCAACUUUGGAAUUGCAAUGUCCAAAACAUUAAAAUUAACAAAGGAGAAGUGCUCGUCAGUUGUGUGUGACAGGUCACUACAUAGUCGUGAGAUGUUCACGGCCGUGAAGGGUCCCAAGCCCGACAUGAGUUUCGAGAAAGUUCUCUAAUCCCGCAAGGAUAAAUUGGUGGGGCACCAUCGAAGAGUGAUAAGUACCGAGAGAGUUGCAGACAACUUAAGGAUUGGUUAAUCUAAUUGACCGUGACUGAGGGUUACCGUUCAAAAGACGGUGGAAACGAAGGGAAUCAAAUAAUCCUUCCAAAGAUCCUCACAAAAUGGUGUAUUCUCAACCU
2032,URS000072667B_12908/1-411,AGGUGUAGUUCAGUAUCGUCUCGUUCAAAAGAUGAGACAUCUGGUUUGACGGACCGCUACAUCUAUUAUCCACAAAUCACAACUUUGUUAAUUAAGGUUUAACAACUUAUAAAUCAAUAAAGGAAAAGUGUUCGUCAGUCGUGGUAGACAGGUCACUACUUAGUCAUGAGUUGUUCAUGGCCGUAAAGGGUCCCAAACCCGAUACGAUUGUUUUGAAAGUUCUCUAAUCCCGCAAGGAUGAGUUUGGGUGGCAACCUAGAAGAGUGAUGAGUAAGAAUAGAGUAUAUUACCACUUUAGGAUUGGUUAAUCUAAUUGACCGUGACUGAGAGGUACUUCUCAAAAGGAAGUGGAAAUCGGAGGAAACAAUAAUCUCCUGUAAAGUCUCUCACAAGAUGGUGUAUUCUCAACCU
2032,URS00006D2122_12908/1-411,AGGUGUAGUUCAGUAUCGUCUCGUUCAAAAGAUGGGAUGGCUGGUUUGACGAACCGCUACAUCUAUUAUCCACAAAUCAAACUUUUACUUUCAAAUGGUGAAAACUAAUAAAUUAAAAGAAAAAGUGUUCGUCAGUCGUGGUAGAUAGGUCACUACUUAGUCAUGAGUUGUUCAUGGCCGUAAAGGGUCUCAAACCCAAUACGAUUGUUUUGAAAGUUCUCUAAUCCCGCAAGGAUGAGUUUGGGUGGCAACCUAGAAGAGUGAUGAGUAAGAAUAGAGUAUAUUACGACUUUAGGAUUGGUUAAUCUAAUUAACCGUGACUGAGAGGUACUUCUCAAAAGGAAGUGGAAAUCGGAGGAAAUCAAAAUAAUCUCCUGUAAAGUCUCUCACAAGAUGGUUUAUUCUCAACCU
2032,URS00006C4A8F_12908/1-413,UCGGGUAGUUAAGUAUUCUGUCGUUCAAAAGGCGGCGGAGCUUGUGAUAGACCGCUACCUGAAACCACUGCAAAACCAAACUUAUAUUUGCAUUUAGGAUUGCAAAAUCAUAAAAAUCAAAAUAAGAAAAAGUGUCUAUCAGUUUUGACCGAAAGGUGUCUACAUAGUAAUGAGUUGUUCAUUGCCACAAACACUCUCAAGGUGAAUGUGAUUCUUUCGAAAGGUUUCUAACACCGCAAGUGUGAAUCUGCUCGGCAGGGUAGAAGAAAAUAAGUAAGAAGAGAGUAGGUUAAAACUCAAAGAGUGGUUCACUUAAAUAACCGACAUUGGUUGUUACAUCUCAAAAGGAUGUGGAAACAAAGGGAAUAGAUAAUCCUUUUAAAGACAACUACAAUAUGGUGUAUUCUCAGCCU
2032,URS0000647792_12908/1-413,GAGGGUAGUUUAGUAUCGUGUCAUUCAAAAGAUGAUUUGGCUUGUGACGAGCCGCUACCUUCCACAUCCGUAAACCAAACCUUAAUUGUUAAUUCUGGUUUAACAACUAUUAAUUAAAAUCAAGGAAAAGUGCUCGUCAGUCGUUGGAAACAGGUGACUACUUAGUCUUGAGAUGUUCAUGACCGCGUCGGGUCCCAAGCCCUACACGAUUUUCACGAAAGUUCUCUAACCCCGCAAGGGUUCAUCAGGGAGGCAUCCUUGAAGAGUGAUGAGUAAGGAGAGAGUAUUCAGCGACUUCACGAAUGGUUCAACGUAAUUGACCGUCACUGAGAGUUACUACUCAAAAGGUAGUGGAAACGGAGGGAAUCAAUAAUCCUUCUAAAGAUUCUCAUCAGAACUUGUAUUCUCAGAGU
2032,URS000070E2B3_12908/1-426,GGGUGGUGUGAAGCAUUUUGUUCCCAAAAGGAACGAACCUUCUCCCGAAGCACAUCGUCCAUUCUUCCACAACUGCUAAUUAUCCUGCAACGAUAAUGUUACUAAUAAUUAUGCAAGCGAAAGUCUUCGGGCGUUGACAGUGAAAGGUGUCUAAUACUUCAGACAUUGGUCAAUGGAGUCAUCAGGGAGACCGCAAGUCUACUGAUGUCAAUCACGAAAUACCUGGUGGGACGGCCAUCCCUUAGAGAGUCCGCAAGACUUUACAGAGUAGAGUAACGGUUGAGUAACUGGCAACGAAACGAGUGGUUCAUCGUACUGAACCGACACUGAUUCGAUACUACGGGCAAUCGUAGUGGACAAUGUGAGGAACCGAAACAAUGGAUAAUCUCACGAAAGACGGGUCACAUAAACGUAUAGUCUCAGCGU
2032,URS0000648352_12908/1-424,GGGUGGUGUGAAGCAUUUUGUUCUCAAAAGGAACGGAACUUCUCCCGAAGCACAUCGUCCAUUUUUCCACAAUUGCUAAUUAUCCUGCAACGAUAAUGUUACAUAAGAUAAUACAGCGAAAGCCUUCGGGCGUUGACAGUGAAAGGUGUCUAAUACUUCAGACAUUAGUCAAUGAAGUCAUCAGUUAGAACGCAAUUCUCCUGAUGUCAAUCACGAAAUACCUGGUGGGACGGCCAUCCCUUAGAGAGUUCGCAAGACUUUACAGAGUAGAGUAACGGUUGAGUAGCUGGCAACGAAAAGAGUGGUAAACUUAAAUUACCGACACUGACUCGAUACUACGGGCAAUCGUAGUGGACAAUGUGAGGAACCGAUUCAAUGGAUAAUCUCACGAAAGACGGGUCACAUAAACGUGUAGUCUCAGCGU
2032,URS0000631864_12908/1-406,GAGAGGUGUGAAGCAUUUUGUUUUCAAAAGAAACGAAACUUCUCCCGAAGCACAUCUUUCUCAUUUCCAUCGUUACUUUUACUAAAACUAAAAGAGAGCAAAAGUUCUUCGGGCGUUGACAACGAAAGGUGUCUAACACUUCGAGUCAAUAGACUAACGAAGUCAUCGGUAGACCGCAAGUCUCCUGAUGUCAAUUAUCAAAUACCUGGUGGGAUGGCCGUCCCUUAGUGAACUCGCAAGGUUUGACAGAGUAAAGUAGUAGUUGAGUAGUUGUUAACGAAAAGAGUGGUUCACUCAAAUAACCGACACUGACUUGAUACUUUCGGCAACGAGAGUGGAUACAUGAGCAACCGAUAUAGGGUAAUCUCACUAAAGACAAGUCACCAUAAACGUGUAAUCUCAGCGU
2032,URS00006DBC20_12908/1-407,GAGAGGUGUGAAGCAUUCUGUACUCAAAAGGUACGGACCUUCUCCCGAAGCACAUCUUUCAUAAAUCCACAUUUGCUAACUUUUAAUUCAAUGAUUAAAAAAGCAAGAGUCUUCGGGCGUUGAUGACGAAAGGUGUCUAAUACUUCGGACCUUAGUCAACGAAGUCAUCCUUUGAACCGCAAGUUCGGGGAUGUCAAUUGUGAAACAACUCGUGGGUUGGCCGACCCUUUGUGAGACCGCAAGUCUUAAGAGAUUGGAGUAGUAGUUGAGUAGUUAUCGACGAUACGAAUGGUAGCCGUAAGCGACCGACACUGACCUGAUACCUCUGUCAAUGAGGUGGACAAGUGGGGAACAAACUAAUUAUAAUCCCACAAAAGACAGGUUAUUCAAACGUGUAGUCUCAGCGU